Loss,State,Policy,Hamming_distance
0.5995669990534891,0.0,"[0, 0, 1, 0, 0, 0, 0, 0, 0, 0]",8
0.11502459948757841,0.10000000149011612,"[1, 1, 1, 1, 1, 1, 1, 1, 1, 1]",3
0.06104503461187468,0.0,"[0, 0, 0, 0, 0, 0, 0, 0, 0, 0]",7
0.10818057567161898,0.10000000149011612,"[0, 0, 1, 1, 0, 0, 0, 0, 0, 0]",7
0.03762226940699037,0.0,"[0, 0, 0, 0, 0, 0, 0, 0, 0, 0]",7
0.08569956206915574,0.0,"[1, 1, 1, 1, 1, 0, 0, 0, 0, 0]",8
0.09723102854690524,0.10000000149011612,"[0, 1, 1, 1, 1, 1, 0, 0, 0, 0]",6
0.14693963254800071,0.10000000149011612,"[0, 1, 1, 1, 1, 1, 1, 1, 1, 1]",2
0.06012509490299017,0.0,"[0, 0, 0, 1, 1, 1, 1, 1, 1, 1]",0
0.0679135438994484,0.0,"[0, 0, 0, 0, 0, 0, 0, 0, 0, 0]",7
0.060170233757480374,0.10000000149011612,"[1, 1, 1, 1, 1, 1, 1, 1, 1, 1]",3
0.07966337483264231,0.20000000298023224,"[0, 0, 0, 0, 0, 0, 0, 0, 0, 0]",7
0.052530350864850944,0.30000001192092896,"[1, 1, 1, 1, 1, 1, 1, 1, 1, 1]",3
0.06659157094169114,0.0,"[1, 1, 1, 1, 1, 1, 1, 1, 1, 1]",3
0.06583196944862835,0.0,"[0, 0, 1, 1, 1, 1, 1, 1, 1, 1]",1
0.06178787816741818,0.0,"[0, 0, 1, 1, 1, 1, 1, 1, 1, 1]",1
0.07843843503333936,0.0,"[0, 0, 0, 0, 0, 0, 0, 0, 0, 0]",7
0.03809880554923628,0.0,"[0, 0, 0, 0, 0, 0, 0, 0, 0, 0]",7
0.07600355645048984,0.10000000149011612,"[0, 0, 0, 0, 0, 0, 0, 0, 0, 0]",7
0.0621993245359862,0.0,"[0, 0, 0, 0, 0, 0, 0, 0, 0, 0]",7
0.013592237660199163,0.10000000149011612,"[1, 1, 0, 0, 0, 0, 0, 0, 0, 0]",9
0.0401710269614437,0.0,"[0, 0, 0, 0, 0, 0, 0, 0, 0, 0]",7
0.07427623753427999,0.0,"[0, 0, 0, 0, 0, 0, 0, 0, 0, 0]",7
0.04526575012005629,0.10000000149011612,"[1, 1, 1, 1, 1, 1, 1, 1, 1, 1]",3
0.07839258943729739,0.0,"[1, 1, 1, 1, 1, 1, 1, 1, 1, 1]",3
0.010847357568381573,0.10000000149011612,"[1, 1, 1, 1, 1, 1, 1, 1, 1, 1]",3
0.07243348816518794,0.0,"[0, 0, 0, 0, 0, 0, 0, 0, 0, 0]",7
0.02037555273919711,0.0,"[1, 1, 1, 0, 0, 0, 0, 0, 0, 0]",10
0.037468880694195406,0.10000000149011612,"[1, 1, 1, 1, 0, 0, 0, 0, 0, 0]",9
0.03253117643243153,0.0,"[1, 1, 1, 0, 0, 0, 0, 0, 0, 0]",10
0.0302286926369454,0.0,"[0, 0, 0, 0, 0, 0, 0, 0, 0, 0]",7
0.04284885287462664,0.10000000149011612,"[0, 0, 0, 0, 0, 0, 0, 0, 0, 0]",7
0.06656174768411205,0.20000000298023224,"[0, 0, 0, 0, 0, 0, 0, 0, 0, 0]",7
0.020725224292618805,0.0,"[0, 0, 0, 0, 0, 0, 0, 0, 0, 0]",7
0.05582480188416111,0.0,"[0, 0, 0, 0, 0, 0, 0, 0, 0, 0]",7
0.03130599964972926,0.0,"[0, 0, 0, 0, 0, 0, 0, 0, 0, 0]",7
0.035116768044919255,0.0,"[1, 1, 0, 0, 0, 0, 0, 0, 0, 0]",9
0.024459393656997896,0.10000000149011612,"[1, 0, 0, 0, 0, 0, 0, 0, 0, 0]",8
0.008370292171544794,0.0,"[0, 0, 0, 0, 0, 0, 0, 0, 0, 0]",7
0.04403273281054432,0.10000000149011612,"[0, 0, 0, 0, 0, 0, 0, 0, 0, 0]",7
0.03635580439965236,0.0,"[0, 0, 0, 0, 0, 0, 0, 0, 0, 0]",7
0.020618481058781113,0.0,"[0, 0, 0, 0, 0, 0, 0, 0, 0, 0]",7
0.05097384259101645,0.10000000149011612,"[0, 0, 0, 0, 0, 0, 0, 0, 0, 0]",7
0.015782356590411065,0.20000000298023224,"[0, 0, 0, 0, 0, 0, 0, 0, 0, 0]",7
0.021392925451811387,0.20000000298023224,"[0, 0, 0, 0, 0, 0, 0, 0, 0, 0]",7
0.03414844419344944,0.0,"[0, 0, 0, 0, 0, 0, 0, 0, 0, 0]",7
0.02144835920717542,0.0,"[0, 0, 0, 0, 0, 0, 0, 0, 0, 0]",7
0.01724492450463133,0.0,"[0, 0, 0, 0, 0, 0, 0, 0, 0, 0]",7
0.01647551486678367,0.0,"[0, 0, 0, 1, 1, 1, 1, 1, 1, 1]",0
0.04341411286537422,0.0,"[0, 1, 1, 1, 1, 1, 1, 1, 1, 1]",2
0.006621477422904698,0.0,"[0, 0, 0, 0, 0, 0, 0, 0, 1, 1]",5
0.02977397531989036,0.10000000149011612,"[0, 0, 0, 0, 0, 1, 1, 1, 1, 1]",2
0.007867308127407026,0.20000000298023224,"[1, 1, 1, 1, 1, 1, 1, 1, 1, 1]",3
0.02033241912913919,0.0,"[0, 0, 0, 0, 0, 0, 0, 0, 0, 0]",7
0.0274712260589709,0.0,"[1, 1, 1, 1, 1, 1, 1, 1, 1, 1]",3
0.021005523346588006,0.10000000149011612,"[0, 0, 0, 0, 0, 0, 0, 0, 0, 0]",7
0.010098818727934944,0.0,"[0, 0, 0, 0, 1, 1, 1, 1, 1, 1]",1
0.02379948185548038,0.10000000149011612,"[0, 0, 0, 1, 1, 1, 1, 1, 1, 1]",0
0.005099173609095509,0.20000000298023224,"[1, 1, 1, 1, 1, 1, 1, 1, 1, 1]",3
0.022973029651057245,0.30000001192092896,"[0, 0, 0, 0, 1, 1, 1, 1, 1, 1]",1
0.016544167822944267,0.0,"[0, 0, 0, 1, 1, 1, 1, 1, 1, 1]",0
0.02208156591635711,0.0,"[0, 0, 1, 1, 1, 1, 1, 1, 1, 1]",1
0.010411250214221512,0.0,"[0, 0, 0, 0, 0, 0, 1, 1, 1, 1]",3
0.017026030161637576,0.10000000149011612,"[0, 0, 0, 0, 0, 0, 0, 0, 0, 0]",7
0.010388375875144296,0.0,"[0, 0, 0, 0, 0, 0, 0, 0, 0, 0]",7
0.020706782666652046,0.10000000149011612,"[0, 0, 1, 1, 1, 1, 1, 1, 1, 1]",1
0.012496894761284238,0.20000000298023224,"[0, 1, 1, 1, 1, 1, 1, 1, 1, 1]",2
0.018787323742111704,0.30000001192092896,"[0, 0, 0, 1, 1, 1, 1, 1, 1, 1]",0
0.009908766364165045,0.4000000059604645,"[0, 0, 0, 0, 0, 0, 0, 0, 0, 0]",7
0.012757072053975804,0.5,"[1, 1, 0, 0, 0, 0, 0, 0, 0, 0]",9
0.01579155767957019,0.6000000238418579,"[0, 0, 1, 1, 1, 1, 1, 1, 1, 1]",1
0.013528101750649668,0.7000000476837158,"[0, 0, 1, 1, 1, 0, 0, 0, 0, 0]",6
0.009342727311562857,0.0,"[0, 0, 0, 0, 0, 0, 0, 0, 0, 0]",7
0.031935685639275846,0.0,"[0, 0, 0, 0, 0, 0, 0, 0, 0, 0]",7
0.017667478271448545,0.10000000149011612,"[0, 0, 0, 0, 0, 0, 0, 0, 0, 0]",7
0.028765393328832545,0.20000000298023224,"[0, 0, 0, 0, 0, 0, 0, 0, 0, 0]",7
0.017678842916758697,0.30000001192092896,"[0, 0, 0, 0, 0, 0, 0, 0, 0, 0]",7
0.04392426462897703,0.4000000059604645,"[0, 0, 0, 0, 0, 0, 0, 0, 0, 0]",7
0.14554210740379858,0.0,"[0, 0, 0, 0, 0, 0, 0, 0, 0, 0]",7
0.0840183672393513,0.10000000149011612,"[0, 0, 0, 0, 0, 0, 0, 0, 0, 0]",7
0.11372198555704927,0.20000000298023224,"[0, 0, 0, 0, 0, 0, 0, 0, 0, 0]",7
0.11300606196079244,0.0,"[0, 0, 0, 0, 0, 0, 0, 0, 0, 0]",7
0.07880785774743337,0.10000000149011612,"[0, 0, 0, 0, 0, 0, 0, 0, 0, 0]",7
0.15169554776359462,0.20000000298023224,"[0, 0, 0, 0, 0, 0, 0, 0, 0, 0]",7
0.1607298463767961,0.0,"[0, 0, 0, 0, 0, 0, 0, 0, 0, 0]",7
0.48465206798957183,0.10000000149011612,"[0, 0, 0, 0, 0, 0, 0, 0, 0, 0]",7
0.43337485520624797,0.0,"[0, 0, 0, 0, 0, 0, 0, 0, 0, 0]",7
0.1797830157790976,0.0,"[0, 0, 0, 0, 0, 0, 0, 0, 0, 0]",7
0.34390042313292035,0.0,"[0, 0, 0, 0, 0, 0, 0, 0, 0, 0]",7
0.15978391187939422,0.0,"[0, 0, 0, 0, 0, 0, 0, 0, 0, 0]",7
0.16097545554057646,0.0,"[0, 0, 0, 0, 0, 0, 0, 0, 0, 0]",7
0.3856603927753284,0.0,"[0, 0, 0, 0, 0, 0, 0, 0, 0, 0]",7
0.4484397998773133,0.10000000149011612,"[0, 0, 0, 0, 0, 0, 0, 0, 0, 0]",7
0.47269243066232036,0.20000000298023224,"[0, 0, 0, 0, 0, 0, 0, 0, 0, 0]",7
0.037793990291688395,0.10000000149011612,"[0, 0, 0, 0, 0, 0, 0, 0, 0, 0]",7
0.19665457491139193,0.20000000298023224,"[0, 0, 0, 0, 0, 0, 0, 0, 0, 0]",7
0.822543926190864,0.0,"[0, 0, 0, 0, 0, 0, 0, 0, 0, 0]",7
0.107650039845133,0.10000000149011612,"[0, 0, 0, 0, 0, 0, 0, 0, 0, 0]",7
0.0515769631675802,0.20000000298023224,"[0, 0, 0, 0, 0, 0, 0, 0, 0, 0]",7
0.6356616720563375,0.0,"[0, 0, 0, 0, 0, 0, 0, 0, 0, 0]",7
0.422376636398454,0.10000000149011612,"[0, 0, 0, 0, 0, 0, 0, 0, 0, 0]",7
0.18228032424917728,0.0,"[0, 0, 0, 0, 0, 0, 0, 0, 0, 0]",7
0.6800218410422474,0.10000000149011612,"[0, 0, 0, 0, 0, 0, 0, 0, 0, 0]",7
0.7098098331003371,0.20000000298023224,"[0, 0, 0, 0, 0, 0, 0, 0, 0, 0]",7
0.26690091782045755,0.0,"[0, 0, 0, 0, 0, 0, 0, 0, 0, 0]",7
0.17303929776326754,0.10000000149011612,"[0, 0, 0, 0, 0, 0, 0, 0, 0, 0]",7
0.5498215918426155,0.10000000149011612,"[0, 0, 0, 0, 0, 0, 0, 0, 0, 0]",7
0.5626187876209849,0.0,"[0, 0, 0, 0, 0, 0, 0, 0, 0, 0]",7
0.8651660000984123,0.10000000149011612,"[0, 0, 0, 0, 0, 0, 0, 0, 0, 0]",7
0.8087435884587695,0.0,"[0, 0, 0, 0, 0, 0, 0, 0, 0, 0]",7
0.22820015112151282,0.10000000149011612,"[0, 0, 0, 0, 0, 0, 0, 0, 0, 0]",7
0.468482239057594,0.0,"[0, 0, 0, 0, 0, 0, 0, 0, 0, 0]",7
0.8302041116374426,0.0,"[0, 0, 0, 0, 0, 0, 0, 0, 0, 0]",7
0.3836220552708429,0.10000000149011612,"[0, 0, 0, 0, 0, 0, 0, 0, 0, 0]",7
0.24645196742980247,0.20000000298023224,"[0, 0, 0, 0, 0, 0, 0, 0, 0, 0]",7
0.8722067316020699,0.30000001192092896,"[0, 0, 0, 0, 0, 0, 0, 0, 0, 0]",7
0.9545305796879688,0.0,"[0, 0, 0, 0, 0, 0, 0, 0, 0, 0]",7
0.5294084639184575,0.10000000149011612,"[0, 0, 0, 0, 0, 0, 0, 0, 0, 0]",7
0.26666738734313444,0.20000000298023224,"[0, 0, 0, 0, 0, 0, 0, 0, 0, 0]",7
0.1998791623246916,0.30000001192092896,"[0, 0, 0, 0, 0, 0, 0, 0, 0, 0]",7
0.4856355614436012,0.4000000059604645,"[0, 0, 0, 0, 0, 0, 0, 0, 0, 0]",7
0.7523143943632071,0.5,"[0, 0, 0, 0, 0, 0, 0, 0, 0, 0]",7
0.9282260108584524,0.6000000238418579,"[0, 0, 0, 0, 0, 0, 0, 0, 0, 0]",7
0.41138526858713664,0.7000000476837158,"[0, 0, 0, 0, 0, 0, 0, 0, 0, 0]",7
0.5215469941444368,0.8000000715255737,"[0, 0, 0, 0, 0, 0, 0, 0, 0, 0]",7
0.9001868412888321,0.9000000953674316,"[0, 0, 0, 0, 0, 0, 0, 0, 0, 0]",7
2.3374862905158764,1.0000001192092896,"[0, 0, 0, 0, 0, 0, 0, 0, 0, 0]",7
1.2849892248074042,1.0000001192092896,"[0, 0, 0, 0, 0, 0, 0, 0, 0, 0]",7
1.7725348961114378,0.699999988079071,"[0, 0, 0, 0, 0, 0, 0, 0, 0, 0]",7
5.973132671442613,0.20000000298023224,"[0, 0, 0, 0, 0, 0, 0, 0, 0, 0]",7
3.989847992287366,0.20000000298023224,"[0, 0, 0, 0, 0, 0, 0, 0, 0, 0]",7
0.5131781696513684,0.0,"[0, 0, 0, 0, 0, 0, 0, 0, 0, 0]",7
2.9507324096866734,0.10000000149011612,"[0, 0, 0, 0, 0, 0, 0, 0, 0, 0]",7
0.49112327674395484,0.0,"[0, 0, 0, 0, 0, 0, 0, 0, 0, 0]",7
0.5823409397108188,0.0,"[0, 0, 0, 0, 0, 0, 0, 0, 0, 0]",7
0.3033514361236058,0.0,"[0, 0, 0, 0, 0, 0, 0, 0, 0, 0]",7
0.36357563021056194,0.10000000149011612,"[0, 0, 0, 0, 0, 0, 0, 0, 0, 0]",7
0.36193327557517296,0.20000000298023224,"[0, 0, 0, 0, 0, 0, 0, 0, 0, 0]",7
0.7916665739043653,0.0,"[0, 0, 0, 0, 0, 0, 0, 0, 0, 0]",7
0.7210147015204598,0.0,"[0, 0, 0, 0, 0, 0, 0, 0, 0, 0]",7
0.7378686428206152,0.10000000149011612,"[0, 0, 0, 0, 0, 0, 0, 0, 0, 0]",7
0.5204788456635754,0.0,"[0, 0, 0, 0, 0, 0, 0, 0, 0, 0]",7
0.12679720259802707,0.0,"[1, 1, 1, 1, 1, 1, 1, 1, 1, 1]",3
0.5790310687530962,0.10000000149011612,"[1, 1, 1, 1, 1, 1, 1, 1, 1, 1]",3
0.6540126137286295,0.0,"[1, 1, 1, 1, 1, 1, 1, 1, 1, 1]",3
0.022060024617636675,0.10000000149011612,"[0, 1, 1, 1, 1, 1, 1, 1, 1, 1]",2
0.7630492542474903,0.20000000298023224,"[0, 0, 1, 1, 1, 1, 1, 1, 1, 1]",1
0.2370207679084464,0.30000001192092896,"[0, 0, 1, 1, 1, 1, 1, 1, 1, 1]",1
0.20943574864858228,0.4000000059604645,"[0, 0, 1, 1, 1, 1, 1, 1, 1, 1]",1
0.02006975617922091,0.0,"[0, 0, 1, 1, 1, 1, 1, 1, 1, 1]",1
0.011997396286049344,0.10000000149011612,"[0, 0, 1, 1, 1, 1, 1, 1, 1, 1]",1
0.020785133392081434,0.20000000298023224,"[0, 0, 0, 1, 1, 1, 1, 1, 1, 1]",0
0.4814472526138722,0.0,"[0, 0, 1, 1, 1, 1, 1, 1, 1, 1]",1
0.05423185955305598,0.10000000149011612,"[0, 0, 0, 0, 1, 1, 1, 1, 1, 1]",1
0.20686012906077167,0.0,"[0, 0, 0, 1, 1, 1, 1, 1, 1, 1]",0
0.012927721882903143,0.10000000149011612,"[0, 0, 0, 1, 1, 1, 1, 1, 1, 1]",0
0.036307320247544794,0.0,"[0, 0, 0, 0, 0, 0, 0, 0, 0, 0]",7
0.057457570108818246,0.0,"[0, 0, 1, 1, 1, 1, 1, 1, 1, 1]",1
0.024458647699471148,0.0,"[0, 0, 1, 1, 1, 1, 1, 1, 1, 1]",1
0.0279532456865903,0.0,"[0, 0, 1, 1, 1, 1, 1, 1, 1, 1]",1
0.18808121667831124,0.10000000149011612,"[0, 0, 0, 0, 0, 0, 1, 1, 1, 1]",3
0.09114503277365316,0.0,"[0, 0, 0, 0, 0, 0, 0, 0, 0, 0]",7
0.027182776651656637,0.10000000149011612,"[0, 0, 1, 1, 1, 1, 1, 1, 1, 1]",1
0.03577992038644595,0.0,"[0, 0, 1, 1, 1, 1, 1, 1, 1, 1]",1
0.036644531278256176,0.10000000149011612,"[1, 1, 1, 1, 1, 1, 1, 1, 1, 1]",3
0.011275033299765147,0.20000000298023224,"[0, 0, 0, 0, 1, 1, 1, 1, 1, 1]",1
0.22058251137269735,0.0,"[0, 0, 0, 0, 0, 1, 1, 1, 1, 1]",2
0.06686970378849288,0.0,"[0, 0, 0, 0, 0, 0, 0, 0, 0, 0]",7
0.02488975013175454,0.10000000149011612,"[0, 0, 0, 0, 0, 0, 1, 1, 1, 0]",4
0.007296661371871238,0.20000000298023224,"[0, 0, 0, 0, 0, 1, 1, 1, 1, 1]",2
0.058959841408248614,0.30000001192092896,"[0, 0, 1, 0, 0, 1, 1, 1, 1, 1]",3
0.0804921293863412,0.4000000059604645,"[0, 0, 0, 0, 0, 0, 0, 0, 0, 0]",7
0.016965353935217975,0.5,"[0, 0, 0, 0, 0, 0, 0, 1, 1, 0]",5
0.02093383909115598,0.0,"[0, 0, 1, 0, 0, 1, 1, 1, 1, 1]",3
0.08269118012769727,0.10000000149011612,"[0, 0, 0, 0, 0, 0, 0, 0, 0, 0]",7
0.08688698471465983,0.20000000298023224,"[0, 0, 0, 0, 0, 0, 0, 0, 0, 0]",7
0.01873675320672774,0.30000001192092896,"[0, 0, 0, 0, 0, 0, 0, 1, 0, 0]",6
0.006535031142348657,0.0,"[0, 0, 0, 0, 0, 0, 1, 1, 1, 1]",3
0.028338149167769444,0.10000000149011612,"[1, 1, 1, 1, 1, 1, 1, 1, 1, 1]",3
0.023407129708367336,0.20000000298023224,"[0, 0, 0, 0, 0, 0, 1, 1, 1, 1]",3
0.03445353305426835,0.0,"[0, 0, 1, 0, 0, 1, 1, 1, 1, 1]",3
0.013210325177161697,0.10000000149011612,"[0, 0, 1, 1, 0, 1, 1, 1, 1, 1]",2
0.023761491738753193,0.0,"[0, 0, 1, 1, 1, 1, 1, 1, 1, 1]",1
0.051148259395884965,0.0,"[0, 0, 0, 0, 0, 1, 1, 1, 1, 1]",2
0.062142659607147266,0.10000000149011612,"[0, 0, 0, 0, 0, 0, 0, 0, 0, 0]",7
0.057482077556722466,0.0,"[0, 0, 0, 0, 0, 0, 0, 0, 0, 0]",7
0.02029414651423167,0.0,"[0, 0, 0, 0, 0, 0, 0, 0, 0, 0]",7
0.06662388773759931,0.10000000149011612,"[0, 0, 0, 0, 0, 0, 0, 0, 1, 0]",6
0.057936281127702216,0.0,"[0, 0, 0, 0, 0, 0, 0, 0, 0, 0]",7
0.02266767603496156,0.10000000149011612,"[0, 0, 0, 0, 0, 0, 1, 1, 1, 0]",4
0.012517425529664505,0.0,"[0, 0, 0, 0, 0, 0, 0, 1, 1, 0]",5
0.02125155976523274,0.10000000149011612,"[0, 0, 0, 0, 0, 1, 1, 1, 1, 1]",2
0.08387454590274142,0.0,"[1, 1, 1, 1, 1, 1, 1, 1, 1, 1]",3
0.012695679891477574,0.10000000149011612,"[1, 1, 1, 0, 0, 1, 1, 1, 1, 1]",5
0.019563657667315937,0.0,"[0, 0, 0, 0, 0, 0, 1, 1, 1, 1]",3
0.015608779243455828,0.10000000149011612,"[0, 0, 1, 0, 1, 1, 1, 1, 1, 1]",2
0.023375941877361583,0.0,"[0, 0, 0, 0, 0, 1, 1, 1, 1, 1]",2
0.03420242759643877,0.10000000149011612,"[1, 1, 1, 0, 1, 1, 1, 1, 1, 1]",4
0.022992967361046945,0.0,"[0, 0, 0, 0, 0, 0, 0, 0, 0, 0]",7
0.02612796199872136,0.10000000149011612,"[0, 0, 0, 0, 0, 0, 0, 0, 0, 0]",7
0.042972683221846,0.20000000298023224,"[0, 0, 0, 0, 0, 0, 1, 1, 1, 1]",3
0.007967130519652255,0.30000001192092896,"[0, 0, 0, 0, 0, 1, 1, 1, 1, 1]",2
0.034466334780915986,0.4000000059604645,"[0, 1, 1, 1, 0, 1, 1, 1, 1, 1]",3
0.028497158522027277,0.0,"[0, 0, 0, 0, 0, 1, 1, 1, 1, 1]",2
0.01837921201473769,0.0,"[0, 0, 0, 0, 0, 0, 0, 1, 1, 0]",5
0.02135313732457078,0.10000000149011612,"[0, 1, 1, 1, 1, 1, 1, 1, 1, 1]",2
0.026315535135420953,0.0,"[0, 0, 1, 1, 1, 1, 1, 1, 1, 1]",1
0.024350575783485873,0.0,"[0, 1, 1, 1, 1, 1, 1, 1, 1, 1]",2
0.04018931914357726,0.10000000149011612,"[0, 0, 0, 0, 0, 0, 0, 0, 0, 0]",7
0.03651245322170832,0.0,"[0, 0, 0, 0, 0, 0, 0, 0, 0, 0]",7
0.028732303055221564,0.0,"[0, 0, 0, 0, 0, 0, 0, 0, 0, 0]",7
0.03712830393781642,0.0,"[0, 0, 0, 0, 0, 0, 0, 0, 0, 0]",7
0.048408312478215976,0.10000000149011612,"[0, 0, 0, 0, 0, 0, 0, 0, 0, 0]",7
0.02232654769399467,0.0,"[1, 1, 1, 0, 1, 1, 1, 1, 1, 1]",4
0.032942786417535785,0.10000000149011612,"[0, 0, 0, 0, 0, 0, 0, 0, 0, 0]",7
0.02910172101501196,0.0,"[0, 0, 0, 0, 0, 0, 0, 0, 0, 0]",7
0.017183688068403424,0.0,"[0, 1, 1, 1, 1, 1, 1, 1, 1, 1]",2
0.02679645318535595,0.10000000149011612,"[0, 1, 1, 1, 1, 1, 1, 1, 1, 1]",2
0.016297561953398265,0.0,"[0, 0, 0, 0, 0, 1, 1, 1, 1, 1]",2
0.018361982343094496,0.10000000149011612,"[0, 0, 1, 1, 1, 1, 1, 1, 1, 1]",1
0.03488479649813314,0.20000000298023224,"[0, 0, 1, 1, 1, 1, 1, 1, 1, 1]",1
0.02265420061922896,0.0,"[0, 0, 1, 1, 1, 1, 1, 1, 1, 1]",1
0.047572867890149695,0.10000000149011612,"[0, 0, 0, 0, 0, 0, 0, 0, 1, 0]",6
0.027158239764623282,0.20000000298023224,"[0, 0, 0, 0, 0, 0, 1, 1, 1, 1]",3
0.010924886851142901,0.30000001192092896,"[0, 0, 0, 0, 0, 0, 1, 1, 1, 1]",3
0.04235730583819297,0.0,"[0, 0, 0, 0, 0, 0, 0, 0, 0, 0]",7
0.06097268900955832,0.10000000149011612,"[0, 0, 0, 0, 0, 0, 0, 0, 0, 0]",7
0.019754147559297053,0.10000000149011612,"[0, 0, 0, 0, 0, 0, 0, 0, 0, 0]",7
0.014760898770234121,0.0,"[0, 0, 0, 0, 0, 0, 0, 0, 0, 0]",7
0.02379270609174361,0.0,"[0, 0, 0, 0, 0, 0, 0, 0, 0, 0]",7
0.014671710994289322,0.0,"[0, 0, 0, 0, 0, 0, 0, 0, 0, 0]",7
0.026155072088510423,0.10000000149011612,"[0, 0, 0, 0, 1, 0, 1, 1, 1, 1]",2
0.029425174800429943,0.20000000298023224,"[0, 0, 0, 0, 1, 1, 1, 1, 1, 1]",1
0.026372952475234357,0.0,"[0, 0, 0, 0, 0, 0, 0, 0, 0, 0]",7
0.01211909983578252,0.0,"[0, 0, 0, 0, 0, 0, 0, 0, 0, 0]",7
0.01616093443354316,0.10000000149011612,"[0, 0, 0, 0, 0, 0, 0, 0, 0, 0]",7
0.016542221178229122,0.10000000149011612,"[1, 1, 1, 0, 0, 0, 1, 1, 1, 1]",6
0.023541873995100104,0.20000000298023224,"[0, 0, 0, 0, 0, 0, 0, 0, 1, 0]",6
0.021290778051975323,0.30000001192092896,"[0, 0, 0, 0, 0, 0, 1, 1, 1, 1]",3
0.01571537760294467,0.0,"[0, 0, 0, 0, 0, 0, 1, 1, 1, 1]",3
0.016555496556925675,0.0,"[0, 0, 0, 0, 0, 0, 1, 1, 1, 1]",3
0.016568687251556524,0.10000000149011612,"[0, 0, 0, 0, 0, 0, 0, 0, 0, 0]",7
0.02803123508452915,0.0,"[0, 0, 0, 0, 0, 1, 1, 1, 1, 1]",2
0.03105978508923357,0.0,"[0, 0, 0, 0, 0, 0, 0, 0, 0, 0]",7
0.009616699385325278,0.10000000149011612,"[0, 0, 0, 0, 0, 0, 0, 0, 0, 0]",7
0.04404492313897568,0.20000000298023224,"[1, 1, 1, 0, 0, 1, 1, 1, 1, 1]",5
0.011552417556314865,0.30000001192092896,"[0, 0, 0, 0, 0, 0, 0, 1, 1, 0]",5
0.02978083222957495,0.20000000298023224,"[0, 0, 0, 0, 0, 0, 0, 1, 1, 1]",4
0.02579437672781637,0.30000001192092896,"[0, 0, 0, 0, 0, 0, 0, 0, 0, 0]",7
0.00994191391756273,0.10000000149011612,"[0, 0, 0, 0, 0, 0, 1, 1, 1, 1]",3
0.04380748438434824,0.20000000298023224,"[0, 0, 1, 1, 1, 1, 1, 1, 1, 1]",1
0.032187986131402724,0.30000001192092896,"[0, 0, 0, 0, 0, 0, 0, 1, 1, 0]",5
0.008357701270774509,0.4000000059604645,"[0, 0, 0, 0, 0, 0, 1, 1, 1, 1]",3
0.01698321977443351,0.5,"[0, 0, 0, 0, 0, 0, 1, 1, 1, 1]",3
0.007414054822371341,0.20000000298023224,"[0, 0, 0, 0, 0, 0, 0, 1, 1, 1]",4
0.06019350556039016,0.0,"[1, 1, 0, 0, 0, 0, 0, 1, 1, 0]",7
0.013910013238811025,0.10000000149011612,"[1, 0, 0, 0, 0, 0, 0, 0, 0, 0]",8
0.025272936793884093,0.0,"[0, 0, 0, 0, 0, 0, 1, 1, 1, 1]",3
0.021619674931578237,0.10000000149011612,"[0, 0, 0, 0, 0, 0, 0, 0, 0, 0]",7
0.01207372176885535,0.0,"[0, 0, 0, 0, 0, 0, 0, 0, 0, 0]",7
0.017083087082613524,0.0,"[1, 1, 1, 1, 1, 1, 1, 1, 1, 1]",3
0.006175289398175465,0.10000000149011612,"[0, 0, 0, 0, 0, 0, 1, 1, 1, 1]",3
0.022923580468053262,0.20000000298023224,"[1, 1, 1, 1, 1, 0, 1, 1, 1, 1]",4
0.0627559972921361,0.30000001192092896,"[0, 1, 0, 0, 0, 0, 0, 0, 0, 0]",8
0.015181634894487761,0.0,"[0, 0, 0, 0, 0, 0, 0, 1, 1, 0]",5
0.01434485736848884,0.0,"[0, 1, 1, 1, 1, 1, 1, 1, 1, 0]",3
0.010827676276822018,0.10000000149011612,"[1, 1, 1, 1, 1, 1, 1, 1, 1, 1]",3
0.026896497483335224,0.20000000298023224,"[0, 0, 0, 0, 0, 0, 0, 0, 0, 0]",7
0.01189605570752228,0.0,"[0, 0, 0, 0, 0, 0, 0, 0, 0, 0]",7
0.03587737553328729,0.10000000149011612,"[1, 1, 1, 1, 1, 1, 1, 1, 1, 1]",3
0.010641557585174155,0.20000000298023224,"[1, 1, 1, 1, 1, 1, 1, 1, 1, 1]",3
0.011089052784512887,0.30000001192092896,"[0, 0, 0, 0, 0, 0, 0, 0, 0, 0]",7
0.016185114807772294,0.0,"[0, 0, 0, 0, 0, 0, 0, 1, 0, 0]",6
0.009864988933005137,0.0,"[0, 0, 0, 0, 0, 0, 0, 0, 0, 0]",7
0.024248370607075298,0.0,"[1, 1, 1, 1, 1, 1, 1, 1, 1, 0]",4
0.008898262457505357,0.0,"[0, 0, 0, 0, 0, 0, 1, 1, 1, 1]",3
0.016400295924327513,0.0,"[0, 0, 0, 0, 0, 0, 0, 0, 0, 0]",7
0.01822876075485169,0.10000000149011612,"[0, 1, 1, 1, 1, 1, 1, 1, 1, 1]",2
0.018039572112488855,0.0,"[1, 1, 1, 1, 1, 1, 1, 1, 1, 1]",3
0.01590945195346022,0.0,"[0, 0, 0, 0, 1, 1, 1, 1, 1, 1]",1
0.017522920944891496,0.0,"[1, 1, 1, 1, 1, 1, 1, 1, 1, 1]",3
0.013453424621283183,0.10000000149011612,"[0, 0, 0, 0, 0, 0, 1, 1, 1, 1]",3
0.011360094208114901,0.0,"[0, 0, 0, 0, 0, 0, 1, 1, 1, 1]",3
0.017226632592287905,0.10000000149011612,"[1, 1, 1, 1, 1, 1, 1, 1, 1, 1]",3
0.05127940628642591,0.0,"[0, 0, 0, 0, 0, 0, 0, 0, 0, 0]",7
0.047118202558876554,0.0,"[0, 0, 0, 0, 0, 0, 1, 1, 1, 1]",3
0.005974258496628693,0.0,"[0, 1, 1, 1, 1, 1, 1, 1, 1, 1]",2
0.013853994473790321,0.10000000149011612,"[0, 1, 1, 1, 1, 1, 1, 1, 1, 1]",2
0.01194349612778467,0.0,"[0, 0, 1, 1, 1, 1, 1, 1, 1, 1]",1
0.06981444248766522,0.0,"[0, 0, 0, 0, 0, 0, 0, 1, 1, 1]",4
0.008562526575326856,0.10000000149011612,"[0, 0, 0, 0, 0, 0, 0, 1, 1, 0]",5
0.013791819545969197,0.20000000298023224,"[0, 0, 0, 0, 0, 1, 1, 1, 1, 1]",2
0.03194963550467822,0.0,"[0, 0, 0, 0, 0, 0, 0, 0, 0, 0]",7
0.015415600574321342,0.10000000149011612,"[0, 0, 0, 0, 0, 0, 0, 0, 0, 0]",7
0.017954487510907058,0.20000000298023224,"[0, 0, 0, 0, 0, 0, 0, 0, 0, 0]",7
0.030725660647739517,0.0,"[1, 1, 1, 1, 1, 1, 1, 1, 1, 1]",3
0.015487007763114458,0.10000000149011612,"[0, 0, 0, 0, 0, 0, 0, 0, 0, 0]",7
0.007710712990148305,0.0,"[0, 0, 0, 0, 0, 0, 0, 0, 0, 0]",7
0.02457956182398746,0.0,"[0, 0, 0, 1, 1, 1, 1, 1, 1, 1]",0
0.008714040986656901,0.10000000149011612,"[1, 1, 1, 1, 1, 1, 1, 1, 1, 1]",3
0.04299865802163483,0.20000000298023224,"[0, 0, 0, 0, 0, 0, 0, 0, 0, 0]",7
0.03339508251559664,0.0,"[0, 0, 0, 0, 0, 0, 0, 0, 0, 0]",7
0.019924775981485787,0.0,"[0, 0, 0, 0, 0, 0, 0, 0, 0, 0]",7
0.024564219698049783,0.10000000149011612,"[1, 1, 1, 1, 1, 1, 1, 1, 1, 1]",3
0.011689303552685715,0.20000000298023224,"[0, 0, 1, 1, 1, 1, 1, 1, 1, 1]",1
0.018697181899213433,0.0,"[0, 0, 0, 0, 0, 0, 0, 0, 0, 0]",7
0.029963293058056895,0.0,"[0, 0, 0, 0, 0, 0, 0, 0, 0, 0]",7
0.014837437474815474,0.10000000149011612,"[1, 1, 1, 1, 1, 1, 1, 1, 1, 1]",3
0.011139380068168947,0.20000000298023224,"[0, 0, 0, 0, 0, 1, 1, 1, 1, 1]",2
0.015141846103304601,0.0,"[0, 0, 0, 0, 0, 1, 1, 1, 1, 1]",2
0.020640270611054667,0.10000000149011612,"[0, 1, 1, 1, 1, 1, 1, 1, 1, 1]",2
0.029907348898330355,0.20000000298023224,"[0, 0, 0, 0, 0, 0, 0, 0, 0, 0]",7
0.016633242760381306,0.0,"[0, 0, 0, 0, 0, 0, 0, 0, 0, 0]",7
0.014372489390861054,0.10000000149011612,"[0, 0, 0, 0, 0, 0, 1, 1, 1, 1]",3
0.008168306769320566,0.0,"[1, 1, 1, 1, 1, 1, 1, 1, 1, 1]",3
0.009309393193275284,0.10000000149011612,"[0, 0, 0, 0, 0, 0, 0, 1, 1, 1]",4
0.015189388613070287,0.0,"[0, 0, 0, 0, 0, 0, 0, 0, 0, 0]",7
0.011872347762919233,0.0,"[0, 0, 0, 0, 0, 0, 0, 0, 0, 0]",7
0.028715032379182714,0.10000000149011612,"[0, 0, 0, 0, 0, 0, 0, 0, 0, 0]",7
0.007391631172334101,0.20000000298023224,"[1, 0, 0, 0, 0, 0, 0, 1, 1, 0]",6
0.009208408611694807,0.30000001192092896,"[0, 0, 0, 0, 0, 0, 1, 1, 1, 1]",3
0.040265260825711024,0.4000000059604645,"[0, 1, 1, 1, 1, 1, 1, 1, 1, 1]",2
0.020526781954958828,0.5,"[0, 0, 1, 1, 1, 1, 1, 1, 1, 0]",2
0.026756942041077147,0.10000000149011612,"[1, 1, 1, 1, 1, 1, 1, 1, 1, 1]",3
0.010414996713519198,0.20000000298023224,"[0, 0, 1, 1, 1, 1, 1, 1, 1, 1]",1
0.013817780169107508,0.0,"[0, 0, 0, 0, 0, 0, 0, 0, 0, 0]",7
0.016705295040014737,0.10000000149011612,"[0, 0, 1, 1, 1, 1, 1, 1, 1, 1]",1
0.01572237264248244,0.0,"[0, 0, 0, 0, 0, 0, 0, 0, 0, 0]",7
0.0071839441310608265,0.10000000149011612,"[0, 0, 0, 0, 0, 1, 1, 1, 1, 1]",2
0.02412688259397555,0.20000000298023224,"[0, 0, 0, 0, 0, 0, 0, 1, 1, 0]",5
0.014240538596406227,0.10000000149011612,"[0, 0, 0, 1, 1, 1, 1, 1, 1, 1]",0
0.013139912752714367,0.20000000298023224,"[0, 0, 0, 0, 0, 0, 0, 0, 1, 0]",6
0.019768023849672745,0.30000001192092896,"[0, 0, 0, 0, 0, 0, 0, 0, 1, 0]",6
0.008615180478019513,0.0,"[0, 0, 0, 0, 0, 0, 0, 1, 1, 1]",4
0.013738425886992867,0.10000000149011612,"[0, 0, 0, 1, 1, 1, 1, 1, 1, 1]",0
0.023297777019836374,0.20000000298023224,"[1, 1, 1, 1, 1, 1, 1, 1, 1, 1]",3
0.03099532430188967,0.30000001192092896,"[0, 0, 0, 0, 0, 0, 0, 1, 1, 1]",4
0.04170943750780509,0.0,"[0, 1, 1, 1, 1, 1, 1, 1, 1, 1]",2
0.013369050202358235,0.0,"[0, 0, 1, 1, 1, 1, 1, 1, 1, 1]",1
0.011142935118851227,0.0,"[0, 0, 1, 1, 1, 1, 1, 1, 1, 1]",1
0.007935976533907763,0.10000000149011612,"[0, 0, 1, 1, 1, 1, 1, 1, 1, 1]",1
0.015457502285991964,0.20000000298023224,"[1, 1, 1, 1, 1, 1, 1, 1, 1, 1]",3
0.010872013284983773,0.0,"[0, 0, 0, 0, 0, 0, 1, 1, 1, 1]",3
0.026305374863657305,0.10000000149011612,"[0, 1, 1, 1, 1, 1, 1, 1, 1, 1]",2
0.014905659942248184,0.20000000298023224,"[0, 0, 1, 1, 1, 1, 1, 1, 1, 1]",1
0.013704398969893283,0.0,"[0, 0, 0, 0, 1, 1, 1, 1, 1, 1]",1
0.009128311336205286,0.10000000149011612,"[1, 1, 1, 1, 1, 1, 1, 1, 1, 1]",3
0.016439671705641423,0.20000000298023224,"[0, 0, 0, 0, 0, 0, 0, 0, 1, 0]",6
0.017458188028366184,0.0,"[0, 0, 0, 0, 0, 0, 0, 1, 1, 1]",4
0.005657255792279159,0.0,"[0, 0, 0, 0, 0, 0, 0, 0, 1, 1]",5
0.0236175698386063,0.10000000149011612,"[1, 1, 1, 1, 0, 0, 0, 0, 0, 0]",9
0.016044892261848798,0.10000000149011612,"[0, 1, 1, 1, 1, 1, 1, 1, 1, 1]",2
0.007601642098651995,0.0,"[0, 0, 0, 0, 1, 1, 1, 1, 1, 1]",1
0.009862619755506188,0.0,"[1, 1, 1, 1, 1, 1, 1, 1, 1, 1]",3
0.01588366960904608,0.0,"[0, 0, 0, 0, 1, 1, 1, 1, 1, 1]",1
0.007665556267454604,0.10000000149011612,"[0, 0, 1, 1, 1, 1, 1, 1, 1, 1]",1
0.03482129618905638,0.20000000298023224,"[0, 1, 1, 0, 1, 1, 1, 1, 1, 1]",3
0.004222749831216677,0.30000001192092896,"[0, 1, 1, 1, 1, 1, 1, 1, 1, 1]",2
0.01129470723220205,0.20000000298023224,"[0, 0, 0, 0, 0, 0, 0, 0, 0, 0]",7
0.011160326016860012,0.0,"[0, 0, 0, 0, 0, 0, 0, 0, 0, 0]",7
0.011785900043515485,0.10000000149011612,"[1, 1, 1, 1, 1, 1, 1, 1, 1, 1]",3
0.017868534245565115,0.20000000298023224,"[0, 0, 0, 0, 0, 0, 0, 0, 0, 0]",7
0.009822651499803214,0.0,"[0, 0, 0, 0, 0, 0, 0, 0, 0, 0]",7
0.008702035294685218,0.0,"[0, 0, 0, 0, 0, 0, 0, 1, 1, 1]",4
0.03750837355076442,0.10000000149011612,"[0, 0, 0, 0, 0, 0, 0, 0, 0, 0]",7
0.030586693481207128,0.0,"[0, 1, 1, 1, 1, 1, 1, 1, 1, 1]",2
0.008522641988636614,0.10000000149011612,"[1, 1, 1, 1, 1, 1, 1, 1, 1, 1]",3
0.014497032818923117,0.0,"[1, 0, 0, 0, 0, 0, 0, 0, 0, 0]",8
0.01844197279143245,0.0,"[0, 0, 0, 0, 0, 1, 1, 1, 1, 1]",2
0.012628217087485183,0.10000000149011612,"[0, 0, 0, 0, 1, 1, 1, 1, 1, 1]",1
0.007491532517326149,0.20000000298023224,"[0, 0, 0, 0, 0, 0, 0, 0, 0, 0]",7
0.011646874386586958,0.30000001192092896,"[0, 0, 0, 0, 0, 0, 0, 0, 0, 0]",7
0.010968396308576267,0.0,"[0, 0, 0, 0, 0, 0, 0, 1, 1, 1]",4
0.01564744484279057,0.0,"[1, 1, 1, 1, 1, 1, 1, 1, 1, 1]",3
0.02207331992155126,0.0,"[0, 0, 1, 1, 1, 1, 1, 1, 1, 1]",1
0.009943839690162548,0.0,"[0, 0, 0, 0, 0, 0, 0, 1, 1, 1]",4
0.012512625276525746,0.0,"[0, 0, 0, 0, 0, 0, 1, 1, 1, 1]",3
0.006894498575122476,0.10000000149011612,"[1, 1, 1, 1, 1, 1, 1, 1, 1, 1]",3
0.017461400162597673,0.0,"[0, 1, 1, 1, 1, 1, 1, 1, 1, 1]",2
0.020068416428330238,0.0,"[0, 0, 0, 0, 0, 0, 1, 1, 1, 1]",3
0.007170300755973372,0.0,"[0, 0, 0, 0, 0, 0, 1, 1, 1, 1]",3
0.008318235731586299,0.0,"[0, 0, 0, 0, 0, 0, 0, 1, 1, 1]",4
0.011068778768144938,0.0,"[0, 0, 0, 0, 1, 1, 1, 1, 1, 1]",1
0.011361967923081195,0.10000000149011612,"[0, 1, 1, 1, 1, 1, 1, 1, 1, 1]",2
0.018498030670473398,0.20000000298023224,"[0, 0, 1, 0, 0, 0, 1, 1, 1, 1]",4
0.013008224914983435,0.0,"[1, 1, 1, 1, 1, 1, 1, 1, 1, 1]",3
0.016404144319094982,0.0,"[0, 0, 0, 0, 0, 1, 1, 1, 1, 1]",2
0.01638184405100085,0.0,"[1, 0, 0, 0, 0, 0, 0, 0, 0, 0]",8
0.01707277817692443,0.10000000149011612,"[0, 0, 0, 0, 0, 0, 0, 1, 1, 1]",4
0.00579535184775809,0.0,"[0, 0, 0, 0, 0, 0, 0, 1, 1, 1]",4
0.010933319149875054,0.0,"[1, 1, 1, 1, 1, 1, 1, 1, 1, 1]",3
0.015768173901029373,0.10000000149011612,"[0, 0, 0, 0, 0, 0, 0, 0, 0, 0]",7
0.011502442956820902,0.0,"[0, 0, 0, 0, 0, 1, 1, 1, 1, 1]",2
0.015158432096931351,0.0,"[1, 1, 1, 1, 1, 1, 1, 1, 1, 1]",3
0.025068491663525594,0.10000000149011612,"[0, 0, 0, 0, 1, 1, 1, 1, 1, 1]",1
0.006658092809725069,0.0,"[0, 0, 0, 0, 0, 0, 1, 1, 1, 1]",3
0.00810884725640193,0.0,"[0, 0, 0, 0, 0, 0, 0, 1, 1, 1]",4
0.016260639274780664,0.10000000149011612,"[0, 0, 0, 0, 0, 1, 1, 1, 1, 1]",2
0.018084011975546765,0.0,"[0, 0, 0, 0, 0, 0, 0, 1, 1, 1]",4
0.013841285083261767,0.10000000149011612,"[0, 0, 0, 0, 0, 0, 1, 1, 1, 1]",3
0.0043311351810659815,0.20000000298023224,"[0, 0, 0, 0, 0, 0, 0, 0, 1, 1]",5
0.014401127922851309,0.30000001192092896,"[0, 0, 0, 0, 0, 0, 1, 1, 1, 1]",3
0.014336236044414807,0.4000000059604645,"[1, 1, 1, 1, 1, 1, 1, 1, 1, 1]",3
0.021142947024856085,0.5,"[0, 0, 0, 0, 0, 0, 0, 0, 1, 1]",5
0.010819712269249493,0.0,"[1, 1, 1, 0, 0, 0, 0, 1, 1, 1]",7
0.025487821625194584,0.10000000149011612,"[0, 1, 1, 1, 1, 1, 1, 1, 1, 1]",2
0.005661302872535856,0.20000000298023224,"[0, 0, 0, 0, 0, 0, 0, 1, 1, 0]",5
0.0068634474818853874,0.0,"[0, 0, 0, 0, 0, 0, 0, 0, 0, 0]",7
0.028475396185974944,0.0,"[1, 1, 1, 1, 1, 1, 1, 1, 1, 1]",3
0.004471031874873521,0.10000000149011612,"[0, 0, 1, 1, 1, 1, 1, 1, 1, 1]",1
0.007509272150092006,0.0,"[0, 0, 0, 0, 1, 1, 1, 1, 1, 1]",1
0.019503167492107565,0.10000000149011612,"[0, 0, 0, 0, 0, 0, 0, 0, 0, 0]",7
0.006639368879285179,0.20000000298023224,"[0, 0, 1, 1, 1, 1, 1, 1, 1, 1]",1
0.012109798014403816,0.0,"[0, 0, 0, 0, 0, 0, 0, 0, 0, 0]",7
0.004107056038883852,0.10000000149011612,"[0, 0, 0, 0, 0, 0, 0, 1, 1, 0]",5
0.013733985255678871,0.10000000149011612,"[0, 1, 1, 1, 1, 1, 1, 1, 1, 1]",2
0.01720217810698249,0.0,"[0, 1, 1, 1, 1, 1, 1, 1, 1, 1]",2
0.01619618885257168,0.0,"[1, 1, 1, 0, 0, 0, 0, 0, 0, 0]",10
0.0064769629962875275,0.0,"[0, 0, 0, 0, 0, 0, 0, 0, 0, 0]",7
0.010714527427793996,0.10000000149011612,"[0, 0, 0, 0, 0, 0, 0, 0, 0, 0]",7
0.01598665083648143,0.10000000149011612,"[1, 1, 1, 1, 1, 1, 1, 1, 1, 1]",3
0.02662023410301334,0.0,"[0, 1, 1, 1, 1, 1, 1, 1, 1, 1]",2
0.005873086452403586,0.0,"[0, 0, 1, 1, 1, 1, 1, 1, 1, 1]",1
0.01966840173280282,0.0,"[0, 0, 0, 0, 0, 0, 0, 0, 0, 0]",7
0.007270235562931493,0.0,"[0, 0, 0, 0, 0, 0, 0, 0, 0, 0]",7
0.006937745375424242,0.10000000149011612,"[0, 0, 0, 0, 0, 0, 0, 0, 0, 0]",7
0.023194221221075395,0.0,"[1, 1, 1, 0, 0, 0, 0, 0, 0, 0]",10
0.024540861644851475,0.10000000149011612,"[0, 0, 0, 0, 0, 0, 0, 0, 0, 0]",7
0.042871948709280794,0.0,"[1, 1, 1, 1, 1, 1, 1, 1, 1, 1]",3
0.006664046249760469,0.0,"[0, 0, 0, 0, 0, 0, 1, 1, 0, 0]",5
0.007734077582451704,0.0,"[0, 0, 0, 0, 0, 0, 0, 0, 0, 0]",7
0.010995156171883735,0.0,"[0, 0, 0, 0, 0, 0, 0, 0, 0, 0]",7
0.007490604801294154,0.0,"[1, 1, 0, 0, 0, 0, 0, 0, 0, 0]",9
0.017813129549619333,0.10000000149011612,"[0, 1, 1, 1, 1, 1, 1, 1, 1, 1]",2
0.0062012101648747375,0.0,"[0, 0, 0, 0, 0, 1, 1, 1, 1, 1]",2
0.008526513197478436,0.10000000149011612,"[0, 0, 0, 0, 0, 0, 0, 0, 0, 0]",7
0.00638098256110009,0.10000000149011612,"[0, 0, 0, 0, 0, 0, 0, 0, 0, 0]",7
0.008048830778265237,0.20000000298023224,"[0, 0, 0, 0, 0, 0, 1, 1, 1, 1]",3
0.004397167090100851,0.30000001192092896,"[0, 0, 0, 0, 0, 1, 1, 1, 1, 1]",2
0.009739060474400318,0.0,"[0, 0, 0, 0, 0, 0, 0, 0, 0, 0]",7
0.009910973117460697,0.10000000149011612,"[0, 0, 0, 0, 0, 1, 1, 1, 1, 1]",2
0.007145213335938649,0.20000000298023224,"[0, 0, 0, 0, 0, 1, 1, 1, 1, 1]",2
0.02028411662586649,0.30000001192092896,"[0, 0, 0, 0, 0, 0, 1, 1, 1, 1]",3
0.005843266803914393,0.4000000059604645,"[1, 1, 1, 1, 1, 1, 1, 1, 1, 1]",3
0.010711065228878935,0.10000000149011612,"[0, 0, 0, 1, 0, 1, 1, 1, 1, 1]",1
0.013227119015108535,0.0,"[0, 1, 1, 1, 0, 0, 1, 1, 1, 1]",4
0.0035453305429959947,0.0,"[0, 0, 0, 0, 0, 0, 0, 0, 0, 0]",7
0.013587877953400884,0.10000000149011612,"[0, 0, 0, 0, 0, 0, 0, 0, 0, 0]",7
0.0082227525819345,0.20000000298023224,"[0, 0, 0, 0, 0, 0, 0, 1, 1, 1]",4
0.015324347741199063,0.0,"[0, 1, 1, 1, 1, 1, 1, 1, 1, 1]",2
0.0200185717834227,0.10000000149011612,"[0, 0, 0, 0, 0, 0, 0, 0, 0, 1]",6
0.017098294982989204,0.0,"[1, 1, 1, 1, 1, 1, 1, 1, 1, 1]",3
0.0023675235734632594,0.0,"[0, 1, 1, 1, 1, 1, 1, 1, 1, 1]",2
0.01922720995423366,0.0,"[0, 0, 0, 0, 0, 1, 1, 1, 1, 1]",2
0.00984464986097322,0.10000000149011612,"[1, 1, 1, 1, 1, 1, 1, 1, 1, 1]",3
0.006125631514998453,0.20000000298023224,"[0, 0, 0, 0, 0, 1, 1, 1, 1, 1]",2
0.00796588842068946,0.0,"[0, 0, 0, 0, 0, 1, 1, 1, 1, 1]",2
0.023485203053425607,0.0,"[0, 0, 0, 0, 0, 0, 0, 0, 0, 0]",7
0.00895827187530597,0.0,"[0, 0, 0, 0, 0, 0, 0, 0, 0, 0]",7
0.013638900623407224,0.0,"[0, 1, 1, 1, 1, 1, 1, 1, 1, 1]",2
0.0064030367569061775,0.10000000149011612,"[0, 0, 0, 0, 0, 0, 1, 1, 1, 1]",3
0.010318540088924522,0.0,"[0, 0, 1, 1, 1, 1, 1, 1, 1, 1]",1
0.004522960129145215,0.10000000149011612,"[0, 0, 0, 0, 0, 1, 1, 1, 1, 1]",2
0.02086539989501468,0.20000000298023224,"[0, 0, 0, 0, 0, 0, 0, 0, 0, 0]",7
0.021205397886923993,0.30000001192092896,"[0, 0, 0, 0, 0, 0, 0, 1, 1, 1]",4
0.014360528813718076,0.0,"[0, 1, 1, 1, 1, 1, 1, 1, 1, 1]",2
0.0063119368039892265,0.10000000149011612,"[0, 0, 0, 0, 0, 0, 0, 0, 1, 1]",5
0.01488988757653531,0.0,"[0, 0, 0, 0, 0, 0, 0, 0, 0, 0]",7
0.04486386981000123,0.0,"[0, 0, 0, 0, 0, 0, 0, 0, 0, 0]",7
0.015261724785511688,0.10000000149011612,"[0, 0, 0, 0, 0, 0, 0, 0, 0, 0]",7
0.015009725198359192,0.20000000298023224,"[0, 1, 1, 1, 0, 1, 1, 1, 1, 1]",3
0.004655794939326441,0.0,"[0, 0, 0, 1, 0, 1, 1, 1, 1, 1]",1
0.005322353010148995,0.10000000149011612,"[0, 0, 0, 0, 0, 1, 1, 1, 1, 1]",2
0.007201301648912306,0.0,"[0, 0, 0, 0, 0, 0, 0, 1, 1, 1]",4
0.009813107336924531,0.10000000149011612,"[0, 0, 1, 1, 0, 1, 1, 1, 1, 1]",2
0.011220805356814356,0.0,"[0, 0, 0, 0, 0, 0, 0, 0, 0, 0]",7
0.009561894668436821,0.10000000149011612,"[0, 0, 0, 0, 0, 1, 1, 1, 1, 1]",2
0.016067979147860623,0.20000000298023224,"[0, 0, 0, 0, 0, 0, 0, 0, 0, 0]",7
0.02793047002102078,0.30000001192092896,"[0, 0, 0, 0, 0, 0, 0, 0, 1, 0]",6
0.009841775697508659,0.4000000059604645,"[0, 0, 0, 0, 0, 0, 0, 0, 1, 0]",6
0.00721568127758232,0.0,"[0, 0, 0, 0, 0, 0, 0, 0, 1, 0]",6
0.008155969004493446,0.10000000149011612,"[1, 1, 0, 0, 0, 0, 0, 0, 0, 0]",9
0.007181113239486836,0.10000000149011612,"[0, 0, 0, 0, 0, 0, 0, 0, 0, 0]",7
0.007051482986484281,0.0,"[0, 0, 0, 0, 0, 0, 0, 0, 0, 0]",7
0.015471256616173656,0.10000000149011612,"[0, 0, 0, 0, 0, 0, 1, 1, 1, 1]",3
0.014646520726213197,0.20000000298023224,"[0, 1, 1, 1, 1, 1, 1, 1, 1, 1]",2
0.025350136648570554,0.30000001192092896,"[0, 0, 1, 1, 0, 0, 0, 1, 1, 0]",5
0.005010723921685667,0.0,"[0, 0, 0, 1, 0, 0, 0, 0, 0, 0]",6
0.007976896619300788,0.0,"[0, 0, 1, 1, 1, 1, 1, 1, 1, 1]",1
0.01927799776547845,0.0,"[1, 1, 1, 1, 0, 0, 0, 0, 0, 0]",9
0.016127731678543145,0.10000000149011612,"[0, 0, 0, 0, 0, 0, 1, 1, 1, 1]",3
0.00491154134608035,0.0,"[1, 1, 1, 1, 1, 1, 1, 1, 1, 1]",3
0.004664756428688799,0.0,"[0, 0, 0, 1, 1, 1, 1, 1, 1, 1]",0
0.015595810102676744,0.0,"[0, 0, 0, 0, 1, 1, 1, 1, 1, 1]",1
0.010011334494203439,0.0,"[0, 0, 0, 0, 1, 1, 1, 1, 1, 1]",1
0.007307552784864946,0.0,"[0, 0, 0, 1, 1, 1, 1, 1, 1, 1]",0
0.017875675553050918,0.10000000149011612,"[1, 1, 1, 1, 1, 1, 1, 1, 1, 1]",3
0.008542147398227229,0.0,"[0, 0, 0, 1, 1, 1, 1, 1, 1, 1]",0
0.0037525922341501428,0.0,"[0, 1, 1, 1, 1, 1, 1, 1, 1, 1]",2
0.006747024441436322,0.10000000149011612,"[0, 0, 0, 1, 0, 0, 0, 1, 1, 0]",4
0.009642122444835532,0.20000000298023224,"[0, 0, 0, 1, 1, 1, 1, 1, 1, 1]",0
0.013272771055932164,0.0,"[0, 0, 0, 0, 0, 0, 0, 0, 0, 0]",7
0.008364420847844167,0.0,"[0, 0, 0, 1, 1, 1, 1, 1, 1, 1]",0
0.007557517667380331,0.10000000149011612,"[0, 0, 0, 0, 0, 0, 0, 1, 1, 1]",4
0.0055395716056501065,0.20000000298023224,"[0, 0, 0, 0, 1, 1, 1, 1, 1, 1]",1
0.013519294645753632,0.30000001192092896,"[0, 0, 0, 0, 0, 0, 0, 1, 1, 1]",4
0.007241787441379155,0.10000000149011612,"[0, 0, 0, 0, 0, 0, 0, 0, 0, 0]",7
0.009676926261475871,0.20000000298023224,"[0, 1, 1, 1, 1, 1, 1, 1, 1, 1]",2
0.011179003852633818,0.30000001192092896,"[0, 0, 1, 1, 1, 1, 1, 1, 1, 1]",1
0.009706034660723617,0.4000000059604645,"[0, 0, 0, 1, 1, 1, 1, 1, 1, 1]",0
0.019380861182769285,0.0,"[0, 0, 0, 0, 0, 0, 0, 0, 0, 0]",7
0.03575290818373755,0.10000000149011612,"[0, 0, 0, 0, 0, 1, 1, 1, 1, 1]",2
0.008439720893601454,0.20000000298023224,"[0, 1, 1, 1, 1, 1, 1, 1, 1, 1]",2
0.00873923560608253,0.30000001192092896,"[0, 0, 0, 0, 0, 0, 1, 1, 1, 1]",3
0.009604281155762229,0.0,"[0, 0, 1, 1, 1, 1, 1, 1, 1, 1]",1
0.017828355350017144,0.0,"[0, 0, 0, 0, 0, 0, 0, 1, 1, 1]",4
0.015692987256748836,0.10000000149011612,"[0, 0, 1, 1, 1, 1, 1, 1, 1, 1]",1
0.0037158546746357277,0.20000000298023224,"[0, 0, 0, 1, 1, 1, 1, 1, 1, 1]",0
0.0021978496235608436,0.0,"[0, 0, 0, 0, 0, 0, 0, 1, 1, 1]",4
0.010080878569501017,0.0,"[1, 1, 1, 1, 1, 1, 1, 1, 1, 1]",3
0.004018361974719831,0.10000000149011612,"[0, 0, 0, 1, 0, 0, 0, 1, 1, 1]",3
0.007274896752393956,0.0,"[0, 0, 0, 0, 0, 0, 0, 1, 1, 0]",5
0.014309321018330934,0.10000000149011612,"[0, 0, 1, 1, 1, 1, 1, 1, 1, 1]",1
0.0055656200264764255,0.20000000298023224,"[0, 0, 0, 0, 0, 0, 0, 1, 1, 1]",4
0.0028603141092206075,0.0,"[0, 0, 0, 0, 0, 1, 1, 1, 1, 1]",2
0.008111628036777674,0.10000000149011612,"[0, 1, 1, 1, 1, 1, 1, 1, 1, 1]",2
0.007497862462213067,0.20000000298023224,"[1, 0, 0, 0, 0, 0, 0, 1, 1, 1]",5
0.00852290387297705,0.0,"[0, 0, 0, 0, 0, 0, 0, 0, 0, 0]",7
0.01566736586236761,0.0,"[0, 0, 0, 0, 1, 1, 1, 1, 1, 1]",1
0.00948462491439428,0.10000000149011612,"[0, 0, 1, 1, 1, 1, 1, 1, 1, 1]",1
0.008465175491341626,0.20000000298023224,"[0, 0, 0, 0, 0, 0, 1, 1, 1, 1]",3
0.019692126477607097,0.0,"[0, 0, 0, 0, 0, 1, 1, 1, 1, 1]",2
0.004934833089143886,0.0,"[0, 0, 0, 0, 1, 1, 1, 1, 1, 1]",1
0.009474469516504769,0.10000000149011612,"[0, 0, 0, 0, 0, 1, 1, 1, 1, 1]",2
0.006486868871083296,0.20000000298023224,"[0, 0, 0, 1, 1, 1, 1, 1, 1, 1]",0
0.004743952589500167,0.30000001192092896,"[1, 1, 1, 1, 1, 1, 1, 1, 1, 1]",3
0.015935991110228365,0.4000000059604645,"[0, 0, 0, 0, 0, 0, 0, 0, 0, 0]",7
0.01569748891068201,0.0,"[0, 0, 0, 0, 0, 0, 0, 1, 1, 1]",4
0.017294802952250166,0.10000000149011612,"[0, 0, 0, 0, 1, 1, 1, 1, 1, 1]",1
0.009932351628777703,0.0,"[0, 0, 0, 0, 0, 0, 0, 0, 0, 0]",7
0.009853305386181788,0.0,"[0, 0, 0, 0, 1, 0, 0, 0, 0, 0]",6
0.005938281668279366,0.10000000149011612,"[0, 0, 0, 0, 0, 0, 0, 0, 0, 0]",7
0.0036578191808551708,0.20000000298023224,"[0, 0, 0, 0, 0, 0, 0, 0, 0, 0]",7
0.01136422736951126,0.0,"[0, 0, 0, 1, 1, 1, 0, 1, 1, 0]",2
0.005171534488347618,0.10000000149011612,"[0, 0, 0, 0, 0, 0, 0, 0, 0, 0]",7
0.009812519601325675,0.20000000298023224,"[0, 0, 0, 0, 0, 0, 0, 0, 0, 0]",7
0.012443588855348242,0.30000001192092896,"[0, 0, 0, 0, 0, 0, 0, 0, 0, 0]",7
0.009336402055625026,0.4000000059604645,"[0, 0, 0, 0, 0, 0, 0, 0, 0, 0]",7
0.0274134527241916,0.5,"[0, 0, 0, 0, 0, 0, 0, 0, 0, 0]",7
0.003455136790140756,0.6000000238418579,"[0, 0, 0, 0, 0, 0, 0, 0, 0, 0]",7
0.01866655990591326,0.7000000476837158,"[1, 1, 0, 0, 0, 0, 0, 0, 0, 0]",9
0.01064420201652605,0.8000000715255737,"[0, 0, 0, 0, 0, 0, 0, 0, 0, 0]",7
0.009752792886901465,0.9000000953674316,"[0, 0, 1, 1, 1, 1, 1, 1, 1, 0]",2
0.003578581978880724,1.0000001192092896,"[0, 0, 0, 0, 0, 1, 1, 1, 1, 0]",3
0.014032143466992386,0.6000000238418579,"[0, 1, 1, 1, 1, 1, 1, 1, 1, 1]",2
0.008935551548795218,0.0,"[0, 0, 0, 1, 1, 1, 1, 1, 1, 1]",0
0.006550167443629018,0.10000000149011612,"[0, 1, 1, 1, 1, 1, 1, 1, 1, 1]",2
0.002821578427972149,0.0,"[0, 0, 0, 0, 0, 0, 0, 0, 0, 0]",7
0.0066624395394241365,0.0,"[0, 0, 0, 0, 0, 0, 0, 0, 0, 0]",7
0.016607651537015045,0.10000000149011612,"[0, 1, 1, 1, 1, 1, 1, 1, 1, 1]",2
0.010378181500279915,0.20000000298023224,"[0, 0, 1, 1, 1, 1, 1, 0, 0, 0]",4
0.017463262296671778,0.0,"[0, 0, 1, 1, 1, 1, 1, 1, 1, 1]",1
0.004033005072032969,0.10000000149011612,"[0, 1, 1, 1, 1, 1, 1, 1, 1, 1]",2
0.008125234410670146,0.20000000298023224,"[0, 1, 1, 1, 1, 1, 1, 1, 1, 1]",2
0.007485637227425457,0.0,"[1, 1, 1, 1, 1, 1, 1, 1, 1, 1]",3
0.009312601699928091,0.0,"[0, 0, 0, 1, 1, 1, 1, 1, 1, 1]",0
0.005316869962555482,0.10000000149011612,"[0, 0, 0, 0, 0, 0, 0, 0, 0, 0]",7
0.005814934199669608,0.0,"[0, 1, 1, 1, 1, 1, 1, 1, 1, 1]",2
0.016609919679916096,0.10000000149011612,"[0, 0, 0, 0, 0, 0, 0, 0, 0, 0]",7
0.007012330114864795,0.0,"[0, 0, 0, 0, 0, 1, 0, 0, 0, 0]",6
0.0074041535980109985,0.0,"[1, 1, 1, 1, 1, 1, 1, 1, 1, 1]",3
0.01407487256724238,0.0,"[0, 0, 0, 0, 1, 1, 1, 1, 1, 1]",1
0.007904582259204374,0.10000000149011612,"[0, 0, 0, 0, 0, 0, 0, 0, 0, 0]",7
0.01544493050631246,0.20000000298023224,"[0, 0, 0, 1, 1, 1, 1, 1, 1, 1]",0
0.005246217669274467,0.30000001192092896,"[0, 0, 0, 0, 1, 1, 1, 1, 1, 1]",1
0.004651407228369209,0.4000000059604645,"[0, 0, 0, 0, 1, 1, 1, 1, 1, 1]",1
0.0085898105295108,0.0,"[0, 0, 0, 0, 0, 1, 0, 1, 1, 0]",4
0.006702319934632772,0.10000000149011612,"[0, 1, 1, 1, 1, 1, 1, 1, 1, 1]",2
0.005816935840674997,0.0,"[1, 1, 1, 1, 1, 1, 1, 1, 1, 1]",3
0.012866318012217492,0.0,"[0, 0, 1, 1, 1, 1, 1, 1, 1, 1]",1
0.0049299412275596866,0.0,"[0, 1, 1, 1, 1, 1, 1, 1, 1, 1]",2
0.0040884756720842574,0.10000000149011612,"[0, 0, 0, 0, 0, 0, 0, 0, 0, 0]",7
0.0062927633757463575,0.0,"[0, 0, 0, 0, 0, 0, 0, 0, 0, 0]",7
0.009888731974465825,0.0,"[0, 0, 1, 1, 1, 1, 1, 1, 1, 1]",1
0.002805465451333866,0.0,"[0, 0, 0, 1, 1, 1, 1, 1, 1, 1]",0
0.00859274956559869,0.0,"[0, 0, 0, 0, 1, 1, 1, 1, 1, 1]",1
0.008141446220864879,0.10000000149011612,"[0, 1, 1, 1, 1, 1, 1, 1, 1, 1]",2
0.009395012332014119,0.0,"[0, 1, 1, 1, 1, 1, 1, 1, 1, 1]",2
0.011469872614213728,0.0,"[0, 0, 0, 0, 1, 1, 0, 0, 0, 0]",5
0.01729756470296029,0.0,"[0, 1, 1, 1, 1, 1, 1, 1, 1, 1]",2
0.002478769362185107,0.10000000149011612,"[0, 0, 0, 0, 1, 1, 1, 1, 1, 1]",1
0.00495147183775857,0.0,"[1, 1, 1, 1, 1, 1, 1, 1, 0, 0]",5
0.01137760746634342,0.10000000149011612,"[0, 0, 0, 1, 1, 1, 1, 0, 0, 0]",3
0.009209110366792395,0.0,"[0, 0, 0, 0, 1, 1, 1, 1, 1, 1]",1
0.006235874141523823,0.10000000149011612,"[0, 0, 0, 0, 1, 1, 1, 1, 1, 1]",1
0.007253783522859436,0.0,"[0, 0, 0, 0, 1, 1, 1, 1, 1, 1]",1
0.005688741411773002,0.10000000149011612,"[1, 1, 1, 1, 1, 1, 1, 1, 1, 1]",3
0.005381617086513302,0.20000000298023224,"[0, 0, 1, 1, 1, 1, 1, 1, 1, 1]",1
0.006472875234678432,0.0,"[0, 0, 0, 0, 1, 1, 1, 1, 1, 1]",1
0.00836471561583041,0.10000000149011612,"[0, 0, 0, 0, 0, 0, 0, 0, 0, 0]",7
0.021950133763123603,0.20000000298023224,"[0, 0, 0, 0, 0, 0, 0, 0, 0, 0]",7
0.018676772879279824,0.0,"[0, 0, 0, 0, 0, 0, 0, 0, 0, 0]",7
0.0039479124632386675,0.0,"[1, 1, 0, 0, 0, 1, 1, 1, 1, 0]",5
0.014849721766988289,0.10000000149011612,"[0, 0, 0, 0, 1, 1, 1, 1, 1, 1]",1
0.011622390772011437,0.0,"[0, 0, 0, 0, 0, 1, 1, 1, 1, 1]",2
0.017707361509965713,0.0,"[0, 0, 0, 0, 0, 1, 1, 1, 1, 0]",3
0.01579330357171932,0.10000000149011612,"[0, 0, 1, 1, 1, 1, 1, 1, 1, 1]",1
0.006739647978442065,0.20000000298023224,"[0, 0, 0, 0, 0, 1, 1, 1, 1, 0]",3
0.005194632371336105,0.0,"[0, 0, 0, 0, 0, 0, 0, 0, 0, 0]",7
0.00831918580861668,0.10000000149011612,"[0, 0, 0, 0, 0, 0, 0, 0, 0, 0]",7
0.0073484498282461175,0.20000000298023224,"[0, 0, 0, 0, 0, 0, 0, 0, 0, 0]",7
0.008491051394315718,0.30000001192092896,"[0, 0, 0, 0, 0, 0, 0, 0, 0, 0]",7
0.016881565107760593,0.4000000059604645,"[0, 1, 1, 1, 1, 1, 1, 1, 1, 0]",3
0.005485710791059972,0.5,"[0, 0, 1, 1, 1, 1, 1, 1, 1, 1]",1
0.01060808527561452,0.0,"[0, 0, 0, 0, 0, 0, 0, 0, 0, 0]",7
0.03133305158113586,0.10000000149011612,"[0, 0, 1, 1, 1, 1, 1, 1, 1, 1]",1
0.006004251980399167,0.20000000298023224,"[0, 0, 0, 0, 1, 1, 1, 1, 1, 0]",2
0.003115136351183878,0.30000001192092896,"[0, 0, 0, 0, 1, 1, 1, 1, 1, 1]",1
0.006964997697021469,0.4000000059604645,"[0, 0, 0, 0, 1, 1, 1, 1, 1, 1]",1
0.008292958535321804,0.0,"[0, 0, 0, 0, 0, 0, 0, 0, 0, 0]",7
0.01281658348725756,0.0,"[0, 0, 1, 1, 1, 1, 1, 1, 1, 1]",1
0.005181289514952558,0.10000000149011612,"[0, 0, 1, 1, 1, 1, 1, 1, 1, 1]",1
0.0050534655232766235,0.0,"[0, 0, 0, 0, 0, 1, 1, 1, 1, 1]",2
0.011161629314183852,0.10000000149011612,"[0, 0, 1, 1, 1, 1, 1, 1, 1, 1]",1
0.008949109777558084,0.20000000298023224,"[0, 0, 0, 1, 1, 1, 1, 1, 1, 1]",0
0.009232310271407584,0.0,"[0, 0, 0, 0, 0, 0, 0, 0, 0, 0]",7
0.0048992438244706005,0.10000000149011612,"[0, 0, 0, 0, 0, 0, 0, 0, 0, 0]",7
0.016725617857348718,0.20000000298023224,"[0, 0, 1, 1, 1, 1, 1, 1, 1, 1]",1
0.003436075548434392,0.30000001192092896,"[0, 0, 0, 0, 1, 1, 1, 1, 1, 0]",2
0.006855374019166138,0.0,"[0, 0, 0, 0, 1, 1, 1, 1, 1, 1]",1
0.006149826119518309,0.10000000149011612,"[0, 0, 1, 1, 1, 1, 1, 1, 1, 1]",1
0.018413899335403217,0.10000000149011612,"[0, 0, 0, 1, 1, 1, 1, 1, 1, 1]",0
0.01449805520214742,0.20000000298023224,"[0, 0, 0, 1, 1, 1, 1, 1, 1, 1]",0
0.0039939071148271665,0.20000000298023224,"[0, 0, 0, 0, 1, 1, 1, 1, 1, 1]",1
0.005139072039838766,0.30000001192092896,"[0, 1, 1, 1, 1, 1, 1, 1, 1, 1]",2
0.007006669215049222,0.4000000059604645,"[0, 0, 1, 1, 1, 1, 1, 1, 1, 1]",1
0.007312273343501374,0.20000000298023224,"[0, 0, 1, 1, 1, 1, 1, 1, 1, 1]",1
0.006265749463837178,0.0,"[0, 0, 0, 0, 0, 0, 0, 0, 0, 0]",7
0.01792524305639033,0.10000000149011612,"[0, 0, 0, 0, 0, 0, 0, 0, 0, 0]",7
0.010727561359001214,0.0,"[1, 1, 1, 1, 1, 1, 1, 1, 1, 1]",3
0.005440265503431407,0.0,"[0, 0, 0, 1, 1, 1, 1, 1, 1, 0]",1
0.009246014720114992,0.0,"[0, 1, 1, 1, 1, 1, 1, 1, 1, 1]",2
0.009218356699036034,0.10000000149011612,"[0, 0, 0, 0, 1, 1, 1, 1, 0, 0]",3
0.019013294642761913,0.0,"[0, 0, 0, 0, 0, 0, 0, 0, 0, 0]",7
0.022876093408717324,0.10000000149011612,"[1, 1, 1, 1, 1, 1, 1, 1, 0, 0]",5
0.0034774233123959775,0.20000000298023224,"[0, 0, 0, 0, 1, 1, 0, 0, 0, 0]",5
0.004018888876832438,0.0,"[0, 0, 0, 0, 1, 0, 0, 0, 0, 0]",6
0.02382964168311119,0.0,"[0, 0, 1, 1, 1, 1, 1, 1, 1, 0]",2
0.004833013695694888,0.0,"[0, 0, 1, 1, 1, 1, 1, 1, 1, 0]",2
0.004241403822722589,0.10000000149011612,"[0, 0, 1, 1, 1, 1, 1, 0, 0, 0]",4
0.008968280181004928,0.10000000149011612,"[0, 0, 1, 1, 1, 1, 1, 1, 0, 0]",3
0.021004992622620178,0.20000000298023224,"[0, 1, 1, 1, 1, 1, 1, 1, 1, 1]",2
0.007127273886655627,0.0,"[0, 0, 0, 1, 1, 1, 1, 1, 1, 1]",0
0.006413889774461334,0.10000000149011612,"[0, 0, 0, 1, 1, 1, 1, 1, 1, 1]",0
0.004153165147053051,0.20000000298023224,"[1, 1, 1, 1, 1, 1, 1, 1, 1, 1]",3
0.004895207151402126,0.30000001192092896,"[0, 0, 0, 0, 0, 0, 0, 0, 0, 0]",7
0.008189537725362017,0.0,"[0, 0, 1, 1, 1, 0, 0, 0, 0, 0]",6
0.011128161351769528,0.10000000149011612,"[0, 0, 1, 1, 1, 1, 1, 1, 1, 1]",1
0.0029463673663912004,0.20000000298023224,"[0, 0, 0, 0, 1, 1, 1, 0, 0, 0]",4
0.005235612747897855,0.0,"[0, 0, 0, 1, 1, 1, 1, 0, 0, 0]",3
0.012566337409611883,0.0,"[0, 0, 1, 1, 1, 1, 1, 1, 0, 0]",3
0.005083526772925673,0.10000000149011612,"[0, 1, 1, 1, 1, 1, 1, 1, 1, 1]",2
0.00797782264986413,0.20000000298023224,"[0, 1, 1, 1, 1, 1, 1, 1, 1, 1]",2
0.010560743748836643,0.10000000149011612,"[1, 1, 1, 1, 1, 1, 1, 1, 1, 1]",3
0.006064335116008124,0.0,"[0, 0, 0, 0, 0, 0, 0, 0, 0, 0]",7
0.003848797416891314,0.10000000149011612,"[0, 0, 1, 1, 1, 1, 0, 0, 0, 0]",5
0.0025663387248544556,0.20000000298023224,"[0, 0, 0, 0, 0, 0, 0, 0, 0, 0]",7
0.009481264795501154,0.0,"[0, 0, 0, 0, 0, 0, 0, 0, 0, 0]",7
0.019781374410869468,0.10000000149011612,"[0, 1, 1, 1, 1, 1, 1, 1, 1, 1]",2
0.005737680229552233,0.0,"[0, 0, 0, 1, 1, 1, 1, 1, 1, 1]",0
0.008604718147466883,0.10000000149011612,"[0, 0, 1, 1, 1, 1, 1, 1, 1, 1]",1
0.005655714809496004,0.20000000298023224,"[0, 0, 0, 0, 0, 0, 0, 0, 0, 0]",7
0.011628912831086913,0.0,"[0, 1, 1, 1, 1, 1, 1, 1, 1, 1]",2
0.0061220651879621,0.10000000149011612,"[0, 0, 0, 0, 0, 1, 1, 0, 0, 1]",4
0.0043597822831394906,0.20000000298023224,"[0, 0, 0, 0, 0, 1, 0, 0, 0, 0]",6
0.010054653311057093,0.0,"[0, 0, 1, 1, 1, 1, 1, 0, 0, 0]",4
0.00440703686908607,0.10000000149011612,"[0, 0, 0, 0, 0, 0, 0, 0, 0, 0]",7
0.013580777878155814,0.0,"[0, 0, 0, 1, 1, 1, 1, 1, 1, 1]",0
0.005421937768351648,0.10000000149011612,"[0, 0, 0, 1, 1, 1, 1, 1, 1, 1]",0
0.006737378968536545,0.0,"[0, 0, 0, 0, 0, 1, 1, 1, 0, 1]",3
0.01102868065152185,0.0,"[0, 0, 0, 0, 0, 0, 0, 0, 0, 0]",7
0.01768957947695393,0.10000000149011612,"[0, 0, 0, 0, 0, 0, 0, 0, 0, 0]",7
0.008348078970527695,0.20000000298023224,"[0, 0, 0, 0, 0, 0, 0, 0, 0, 0]",7
0.012910847586617535,0.0,"[0, 0, 0, 1, 1, 0, 0, 0, 0, 0]",5
0.004214100095332185,0.0,"[0, 0, 0, 0, 0, 0, 0, 0, 0, 0]",7
0.011159726093410427,0.10000000149011612,"[0, 0, 1, 1, 1, 0, 0, 0, 0, 0]",6
0.005271021630840034,0.20000000298023224,"[1, 1, 1, 1, 1, 1, 1, 1, 0, 0]",5
0.006815498548619736,0.0,"[0, 0, 1, 1, 1, 1, 1, 1, 1, 1]",1
0.007586202306687051,0.0,"[0, 1, 1, 1, 1, 1, 1, 1, 1, 1]",2
0.008471795659062309,0.10000000149011612,"[1, 1, 1, 1, 1, 1, 1, 1, 1, 1]",3
0.006967657513429204,0.0,"[0, 0, 0, 0, 1, 1, 1, 1, 0, 1]",2
0.007546237589061422,0.0,"[0, 0, 0, 0, 0, 0, 0, 0, 0, 0]",7
0.006965599820587309,0.0,"[0, 0, 0, 0, 0, 0, 0, 0, 0, 0]",7
0.00584460585884905,0.10000000149011612,"[0, 0, 0, 0, 0, 0, 0, 0, 0, 0]",7
0.01027770127119415,0.20000000298023224,"[0, 0, 0, 1, 1, 1, 1, 1, 1, 1]",0
0.005132971771686812,0.30000001192092896,"[1, 1, 1, 1, 1, 1, 1, 1, 1, 1]",3
0.00937682944916185,0.0,"[0, 0, 0, 0, 1, 1, 1, 1, 1, 1]",1
0.00481235339769448,0.0,"[1, 1, 1, 1, 1, 1, 1, 1, 1, 1]",3
0.011919557159832339,0.10000000149011612,"[0, 0, 0, 1, 1, 1, 1, 1, 1, 1]",0
0.008489417201735572,0.0,"[0, 0, 0, 0, 0, 1, 1, 1, 0, 0]",4
0.003809881415190619,0.10000000149011612,"[0, 0, 0, 0, 0, 0, 0, 0, 0, 0]",7
0.006205709018703209,0.20000000298023224,"[0, 0, 0, 0, 0, 0, 0, 0, 0, 0]",7
0.011789187757777597,0.0,"[0, 0, 0, 0, 1, 0, 0, 0, 0, 0]",6
0.01461930003582923,0.10000000149011612,"[0, 0, 0, 1, 1, 1, 1, 1, 1, 1]",0
0.0035629888555802625,0.0,"[0, 0, 0, 0, 0, 0, 0, 0, 0, 0]",7
0.004130277718964237,0.0,"[0, 0, 0, 0, 0, 0, 0, 1, 1, 1]",4
0.00617639643844492,0.10000000149011612,"[0, 0, 0, 1, 1, 1, 1, 1, 1, 1]",0
0.0048970023371213145,0.0,"[0, 0, 0, 0, 1, 1, 1, 1, 1, 1]",1
0.002918675950690286,0.10000000149011612,"[1, 1, 1, 1, 1, 1, 1, 1, 1, 1]",3
0.01252426551080893,0.0,"[0, 0, 0, 0, 0, 0, 0, 0, 0, 0]",7
0.009857011663674697,0.0,"[0, 0, 0, 0, 0, 0, 0, 1, 1, 1]",4
0.012228494900770936,0.0,"[0, 0, 0, 0, 0, 0, 0, 0, 0, 0]",7
0.006264412025653421,0.10000000149011612,"[0, 1, 1, 1, 1, 1, 0, 1, 0, 0]",5
0.004209661595689751,0.20000000298023224,"[0, 1, 1, 1, 1, 1, 1, 1, 1, 1]",2
0.004458151143454381,0.0,"[0, 0, 0, 0, 1, 0, 0, 0, 0, 0]",6
0.0053734070333767425,0.0,"[0, 0, 0, 0, 1, 0, 0, 0, 0, 0]",6
0.017586522628995738,0.0,"[0, 1, 1, 1, 1, 1, 1, 1, 1, 1]",2
0.00606191893398389,0.10000000149011612,"[0, 0, 1, 1, 1, 1, 1, 1, 1, 1]",1
0.009080364633540228,0.20000000298023224,"[0, 0, 0, 1, 1, 0, 0, 1, 0, 0]",4
0.004146670839722699,0.0,"[0, 0, 1, 1, 1, 1, 1, 1, 1, 1]",1
0.003899939987429768,0.0,"[0, 0, 0, 0, 1, 0, 0, 1, 1, 1]",3
0.00464311269908535,0.10000000149011612,"[0, 0, 0, 0, 0, 0, 0, 0, 0, 0]",7
0.004284826915359474,0.20000000298023224,"[0, 0, 0, 0, 0, 0, 0, 1, 1, 1]",4
0.005214265135424612,0.0,"[0, 0, 0, 0, 0, 0, 0, 0, 0, 0]",7
0.011245652208030782,0.10000000149011612,"[0, 0, 1, 1, 1, 1, 1, 1, 1, 1]",1
0.0043102198051316876,0.20000000298023224,"[0, 0, 0, 0, 1, 0, 1, 1, 1, 1]",2
0.0060942615949528545,0.0,"[1, 1, 1, 1, 1, 0, 0, 0, 0, 0]",8
0.007247106974794804,0.0,"[0, 0, 0, 0, 0, 0, 0, 0, 0, 0]",7
0.0031934453066577717,0.0,"[0, 0, 1, 1, 1, 1, 1, 1, 1, 1]",1
0.009093944291151956,0.10000000149011612,"[0, 0, 1, 1, 1, 0, 0, 0, 0, 0]",6
0.011843332196416978,0.20000000298023224,"[0, 0, 0, 0, 0, 0, 0, 0, 0, 0]",7
0.004482697718496909,0.0,"[0, 1, 1, 1, 1, 1, 1, 1, 1, 1]",2
0.0038672233017837954,0.10000000149011612,"[0, 0, 1, 1, 1, 1, 1, 1, 1, 1]",1
0.004799419481944123,0.20000000298023224,"[0, 0, 0, 0, 0, 0, 0, 1, 1, 1]",4
0.0038099821839817083,0.0,"[0, 1, 1, 1, 1, 1, 1, 1, 1, 1]",2
0.007659719949143717,0.0,"[0, 0, 0, 0, 0, 0, 0, 0, 0, 0]",7
0.017552562559119078,0.10000000149011612,"[0, 0, 0, 0, 0, 0, 0, 0, 0, 0]",7
0.0023411096802519182,0.10000000149011612,"[0, 0, 0, 0, 0, 0, 0, 0, 0, 0]",7
0.009346397452141497,0.20000000298023224,"[0, 1, 1, 1, 1, 1, 1, 1, 1, 1]",2
0.015052501524821071,0.30000001192092896,"[1, 1, 1, 1, 1, 1, 1, 1, 1, 1]",3
0.0032022793217021395,0.0,"[0, 0, 0, 0, 1, 1, 1, 1, 1, 1]",1
0.0043249056327887,0.10000000149011612,"[0, 1, 1, 1, 1, 1, 1, 1, 1, 1]",2
0.015380118118923258,0.20000000298023224,"[0, 0, 0, 1, 1, 1, 1, 1, 1, 0]",1
0.010459703610614213,0.0,"[1, 1, 1, 1, 1, 1, 1, 1, 1, 1]",3
0.005188170970361838,0.0,"[0, 1, 1, 1, 1, 1, 1, 1, 1, 1]",2
0.006402846547454377,0.0,"[0, 0, 0, 1, 1, 1, 1, 1, 1, 1]",0
0.017670784677839002,0.0,"[0, 0, 1, 1, 1, 1, 1, 1, 1, 1]",1
0.003240298382473805,0.10000000149011612,"[1, 1, 1, 1, 1, 1, 1, 1, 1, 0]",4
0.010799587492474283,0.0,"[1, 1, 1, 1, 1, 1, 1, 1, 1, 1]",3
0.0048687927108315154,0.0,"[0, 0, 0, 0, 0, 0, 0, 0, 0, 0]",7
0.006058585556037777,0.0,"[0, 0, 0, 1, 1, 0, 0, 0, 0, 0]",5
0.005753451883339145,0.10000000149011612,"[0, 0, 0, 0, 0, 0, 0, 0, 0, 0]",7
0.007519890630607762,0.20000000298023224,"[0, 1, 1, 1, 1, 1, 1, 1, 1, 0]",3
0.00711971448053933,0.0,"[0, 1, 1, 1, 1, 1, 1, 1, 1, 1]",2
0.004401824976389301,0.10000000149011612,"[0, 0, 0, 1, 1, 1, 1, 1, 1, 1]",0
0.003669224260711257,0.0,"[0, 0, 0, 1, 1, 1, 1, 1, 1, 1]",0
0.004787308216542385,0.10000000149011612,"[0, 0, 0, 0, 0, 0, 0, 0, 0, 0]",7
0.010901353235134748,0.0,"[0, 1, 1, 1, 1, 1, 1, 1, 1, 1]",2
0.002665237034847223,0.10000000149011612,"[1, 1, 1, 1, 1, 1, 1, 1, 1, 1]",3
0.006603884216565881,0.0,"[0, 0, 1, 1, 1, 1, 1, 1, 1, 1]",1
0.0056495427680056665,0.0,"[0, 0, 1, 1, 1, 1, 1, 1, 1, 1]",1
0.005176648943100659,0.10000000149011612,"[0, 0, 1, 1, 1, 1, 1, 1, 1, 1]",1
0.014029945314674497,0.20000000298023224,"[0, 0, 1, 1, 1, 1, 1, 1, 1, 1]",1
0.002399064664261985,0.0,"[0, 0, 0, 0, 0, 0, 0, 0, 0, 0]",7
0.0028755817169658915,0.0,"[0, 0, 1, 1, 1, 1, 1, 1, 1, 1]",1
0.010143563169247471,0.10000000149011612,"[0, 0, 0, 0, 0, 0, 0, 0, 0, 0]",7
0.007982884298860626,0.20000000298023224,"[0, 1, 1, 1, 1, 1, 1, 1, 1, 1]",2
0.009673903875572876,0.30000001192092896,"[0, 0, 0, 1, 1, 1, 1, 1, 1, 1]",0
0.004723977634403909,0.0,"[0, 0, 0, 1, 1, 0, 0, 1, 1, 1]",2
0.003506419932795879,0.10000000149011612,"[0, 0, 0, 0, 0, 0, 0, 0, 0, 0]",7
0.004828802214305483,0.20000000298023224,"[0, 0, 0, 0, 0, 0, 0, 0, 0, 0]",7
0.0048283494905370095,0.20000000298023224,"[0, 0, 0, 0, 0, 0, 0, 0, 0, 0]",7
0.0032439132857642328,0.30000001192092896,"[0, 0, 0, 0, 0, 0, 0, 0, 1, 1]",5
0.007907124324723291,0.0,"[0, 0, 0, 1, 1, 1, 1, 1, 1, 1]",0
0.0022288196577773256,0.10000000149011612,"[0, 1, 1, 1, 1, 1, 1, 1, 1, 1]",2
0.0069018183757991736,0.0,"[1, 1, 1, 1, 1, 1, 1, 1, 1, 1]",3
0.004065406289027962,0.0,"[0, 0, 0, 1, 1, 1, 1, 1, 1, 1]",0
0.005587314598575199,0.0,"[0, 1, 1, 1, 1, 1, 1, 1, 1, 1]",2
0.021692288627458645,0.10000000149011612,"[0, 0, 1, 1, 1, 1, 1, 1, 1, 1]",1
0.0010943560565230825,0.0,"[0, 0, 0, 1, 1, 1, 1, 1, 1, 1]",0
0.006088828154847015,0.0,"[0, 0, 1, 1, 1, 1, 1, 1, 1, 1]",1
0.0061351009623251684,0.10000000149011612,"[0, 0, 0, 0, 0, 0, 0, 1, 1, 1]",4
0.00279931035808878,0.20000000298023224,"[0, 0, 0, 0, 0, 0, 0, 1, 1, 1]",4
0.0042336772486837315,0.0,"[0, 0, 0, 0, 0, 0, 0, 1, 1, 1]",4
0.0035730236124421055,0.0,"[0, 0, 0, 0, 0, 0, 0, 1, 1, 1]",4
0.009935048720143946,0.10000000149011612,"[0, 0, 0, 0, 0, 0, 0, 0, 0, 0]",7
0.0020376031124836325,0.20000000298023224,"[0, 0, 0, 0, 0, 0, 0, 0, 1, 1]",5
0.006558702404729111,0.30000001192092896,"[0, 1, 1, 1, 1, 1, 1, 1, 1, 1]",2
0.0040507080161091835,0.4000000059604645,"[1, 1, 1, 1, 1, 0, 1, 1, 1, 1]",4
0.005996641037217421,0.0,"[0, 0, 1, 1, 1, 1, 1, 1, 1, 1]",1
0.005459435541478541,0.0,"[0, 0, 0, 1, 1, 0, 0, 0, 1, 1]",3
0.022373840113552035,0.0,"[0, 0, 0, 1, 1, 1, 1, 1, 1, 1]",0
0.0037949007838638527,0.10000000149011612,"[0, 0, 0, 1, 1, 0, 0, 1, 1, 1]",2
0.002533551101773668,0.20000000298023224,"[0, 1, 1, 1, 1, 0, 0, 1, 1, 1]",4
0.006581117524696367,0.30000001192092896,"[1, 1, 1, 1, 1, 0, 0, 1, 1, 1]",5
0.023741696228160025,0.4000000059604645,"[0, 0, 0, 0, 0, 0, 0, 0, 1, 0]",6
0.0062426378417130834,0.0,"[0, 0, 0, 0, 1, 0, 0, 1, 1, 1]",3
0.010689761159945022,0.0,"[0, 1, 1, 1, 1, 1, 1, 1, 1, 1]",2
0.0026577673775634025,0.10000000149011612,"[0, 0, 0, 0, 0, 0, 0, 0, 0, 0]",7
0.0045637899367912405,0.0,"[0, 0, 0, 0, 0, 0, 0, 0, 0, 0]",7
0.010175834026512565,0.0,"[0, 0, 0, 0, 1, 0, 0, 0, 0, 0]",6
0.007757111322410082,0.0,"[0, 1, 1, 1, 1, 1, 1, 1, 1, 1]",2
0.008604157787743816,0.0,"[1, 1, 1, 1, 1, 1, 1, 1, 1, 1]",3
0.004820043277388386,0.0,"[0, 0, 0, 1, 1, 1, 0, 1, 1, 1]",1
0.0031959986049514555,0.0,"[0, 0, 1, 1, 1, 1, 1, 1, 1, 1]",1
0.010552178072222418,0.0,"[0, 0, 0, 0, 1, 1, 1, 1, 1, 1]",1
0.010479888588841302,0.10000000149011612,"[0, 0, 1, 1, 1, 1, 1, 1, 1, 1]",1
0.013870184933267637,0.20000000298023224,"[0, 0, 0, 0, 0, 0, 0, 0, 0, 0]",7
0.009877771816384051,0.0,"[0, 0, 0, 0, 1, 1, 0, 1, 1, 1]",2
0.004258123156339666,0.10000000149011612,"[0, 0, 1, 1, 1, 1, 0, 1, 1, 1]",2
0.0038165248453360112,0.0,"[0, 0, 0, 0, 0, 0, 0, 0, 0, 0]",7
0.0040537775522366815,0.10000000149011612,"[0, 0, 0, 0, 0, 0, 0, 1, 1, 1]",4
0.005951615088958029,0.20000000298023224,"[0, 0, 0, 0, 1, 1, 1, 1, 1, 1]",1
0.003832815512569532,0.30000001192092896,"[0, 0, 0, 0, 0, 0, 0, 1, 1, 1]",4
0.0030481110173496972,0.4000000059604645,"[1, 1, 1, 1, 1, 1, 0, 1, 1, 1]",4
0.006647224359097148,0.5,"[0, 0, 0, 0, 0, 0, 0, 1, 1, 1]",4
0.0027490712638865156,0.0,"[0, 0, 0, 0, 1, 0, 0, 1, 1, 1]",3
0.00599048986822881,0.10000000149011612,"[0, 0, 0, 0, 0, 0, 0, 1, 1, 1]",4
0.01051978287082328,0.20000000298023224,"[0, 0, 0, 0, 0, 0, 0, 0, 0, 0]",7
0.0028835649801057794,0.20000000298023224,"[0, 0, 0, 0, 0, 0, 0, 0, 0, 0]",7
0.006438613051770403,0.30000001192092896,"[0, 0, 0, 0, 0, 0, 0, 0, 0, 0]",7
0.006080440737631587,0.0,"[0, 0, 1, 1, 1, 1, 1, 1, 1, 1]",1
0.005121472551365969,0.10000000149011612,"[0, 0, 0, 0, 0, 0, 0, 0, 0, 0]",7
0.010284411016836359,0.0,"[0, 0, 0, 1, 1, 1, 1, 1, 1, 1]",0
0.0032693473445438714,0.10000000149011612,"[0, 1, 1, 1, 1, 1, 1, 1, 1, 1]",2
0.005266145272581735,0.20000000298023224,"[0, 0, 0, 1, 1, 0, 0, 0, 0, 0]",5
0.00948149342786403,0.0,"[0, 1, 1, 1, 1, 1, 1, 1, 1, 1]",2
0.003414655452024795,0.0,"[0, 0, 0, 1, 1, 0, 0, 0, 0, 0]",5
0.00266663068251205,0.10000000149011612,"[0, 0, 0, 0, 0, 0, 0, 0, 0, 0]",7
0.010683305125550824,0.20000000298023224,"[0, 0, 0, 1, 1, 1, 0, 0, 0, 0]",4
0.005596685574948579,0.30000001192092896,"[0, 0, 1, 1, 1, 1, 0, 0, 0, 0]",5
0.002759788330233992,0.4000000059604645,"[1, 1, 1, 1, 1, 1, 1, 1, 1, 1]",3
0.0072831584609787114,0.0,"[0, 0, 1, 1, 1, 1, 1, 1, 1, 1]",1
0.0036142560856969874,0.0,"[0, 0, 0, 1, 1, 1, 1, 1, 1, 1]",0
0.002915323364712563,0.0,"[0, 0, 0, 0, 0, 0, 0, 0, 0, 0]",7
0.00916366107004235,0.0,"[0, 0, 0, 0, 0, 0, 0, 0, 0, 0]",7
0.00478442757907338,0.10000000149011612,"[0, 0, 0, 0, 0, 0, 0, 0, 0, 0]",7
0.009012174823946006,0.20000000298023224,"[0, 0, 1, 1, 1, 1, 1, 1, 0, 0]",3
0.008599508975695613,0.30000001192092896,"[0, 0, 1, 1, 1, 1, 1, 1, 1, 1]",1
0.0058812574470661905,0.4000000059604645,"[0, 0, 0, 1, 1, 1, 0, 0, 0, 0]",4
0.0025074980466532892,0.0,"[0, 0, 0, 0, 0, 0, 0, 0, 0, 0]",7
0.004927340929655077,0.10000000149011612,"[0, 0, 0, 0, 0, 0, 0, 0, 0, 0]",7
0.008654304274882119,0.20000000298023224,"[0, 0, 0, 0, 1, 0, 0, 0, 0, 0]",6
0.004283802173736029,0.30000001192092896,"[0, 0, 0, 0, 0, 0, 0, 0, 0, 0]",7
0.004657720915748176,0.4000000059604645,"[0, 0, 0, 1, 1, 0, 0, 0, 0, 0]",5
0.03297714660040185,0.5,"[0, 0, 1, 1, 1, 0, 0, 0, 0, 0]",6
0.0029565782867624346,0.6000000238418579,"[0, 0, 0, 0, 0, 0, 0, 0, 0, 0]",7
0.00614531809232588,0.0,"[0, 0, 0, 0, 0, 0, 0, 0, 0, 0]",7
0.008074203143481284,0.10000000149011612,"[0, 0, 0, 0, 0, 0, 0, 0, 0, 0]",7
0.011424103422110088,0.20000000298023224,"[0, 0, 1, 1, 1, 1, 0, 0, 0, 0]",5
0.009501902607393697,0.30000001192092896,"[1, 1, 1, 1, 1, 1, 1, 1, 1, 1]",3
0.0033565108637354513,0.4000000059604645,"[0, 0, 1, 1, 1, 1, 1, 1, 1, 1]",1
0.002616572084205515,0.0,"[0, 0, 0, 1, 1, 1, 1, 1, 1, 1]",0
0.006481575506666393,0.0,"[0, 1, 1, 1, 1, 1, 1, 1, 1, 1]",2
0.010099474642425,0.10000000149011612,"[0, 0, 1, 1, 1, 1, 1, 1, 1, 1]",1
0.005477834529639125,0.0,"[0, 0, 0, 0, 1, 1, 1, 1, 1, 1]",1
0.0024392467350675684,0.10000000149011612,"[0, 0, 0, 1, 1, 1, 0, 1, 1, 1]",1
0.005088662839973779,0.20000000298023224,"[0, 0, 0, 0, 1, 0, 0, 1, 1, 1]",3
0.005916161334164338,0.30000001192092896,"[0, 0, 1, 1, 1, 1, 1, 1, 1, 1]",1
0.006326786365017378,0.0,"[0, 0, 0, 1, 1, 1, 0, 0, 0, 0]",4
0.007631330276566928,0.10000000149011612,"[0, 0, 0, 0, 0, 0, 0, 0, 0, 0]",7
0.00662363696602597,0.10000000149011612,"[0, 0, 0, 0, 0, 0, 0, 0, 0, 0]",7
0.00500184650470592,0.0,"[0, 0, 0, 0, 0, 0, 0, 0, 0, 0]",7
0.005697070114399516,0.10000000149011612,"[0, 0, 0, 0, 0, 0, 0, 0, 0, 0]",7
0.009387793111442111,0.0,"[0, 0, 0, 0, 0, 0, 0, 0, 0, 0]",7
0.005811432944638206,0.10000000149011612,"[0, 0, 0, 1, 0, 0, 0, 0, 0, 0]",6
0.0030564169713083733,0.20000000298023224,"[0, 0, 0, 0, 0, 0, 0, 0, 0, 0]",7
0.01075670173955956,0.0,"[0, 1, 1, 1, 1, 1, 1, 1, 1, 1]",2
0.0024988969327930377,0.10000000149011612,"[0, 0, 0, 0, 1, 1, 1, 1, 1, 1]",1
0.00438990437127984,0.0,"[1, 1, 1, 1, 1, 1, 1, 1, 1, 1]",3
0.0076385487701122745,0.10000000149011612,"[0, 0, 0, 0, 0, 0, 0, 0, 0, 0]",7
0.011275423478920743,0.0,"[0, 0, 0, 1, 1, 1, 1, 1, 1, 1]",0
0.0033120078172581557,0.0,"[0, 0, 0, 1, 1, 0, 1, 1, 1, 1]",1
0.008305890740102795,0.0,"[0, 0, 1, 1, 1, 0, 0, 0, 0, 0]",6
0.0016925733385244612,0.10000000149011612,"[0, 0, 0, 0, 0, 0, 0, 0, 0, 0]",7
0.00870528879885768,0.0,"[0, 0, 0, 0, 0, 0, 0, 0, 0, 0]",7
0.0022624196692575538,0.10000000149011612,"[0, 0, 0, 0, 0, 0, 0, 0, 0, 0]",7
0.008560316731031081,0.20000000298023224,"[0, 0, 0, 0, 0, 0, 0, 0, 0, 0]",7
0.008060219125404444,0.30000001192092896,"[0, 0, 1, 1, 0, 0, 0, 1, 1, 1]",4
0.0019041403729347928,0.4000000059604645,"[0, 0, 0, 0, 0, 0, 0, 1, 1, 1]",4
0.0018278352162965916,0.5,"[0, 0, 0, 0, 0, 0, 0, 1, 1, 1]",4
0.006858762085125258,0.10000000149011612,"[0, 0, 0, 0, 0, 0, 1, 1, 1, 1]",3
0.0024199385751337843,0.20000000298023224,"[0, 0, 0, 0, 0, 0, 0, 1, 1, 1]",4
0.007990604687000247,0.30000001192092896,"[0, 0, 0, 0, 0, 0, 0, 1, 1, 1]",4
0.019380055589832246,0.0,"[0, 0, 0, 0, 0, 0, 0, 1, 1, 1]",4
0.008235402190095498,0.10000000149011612,"[0, 1, 1, 1, 1, 1, 1, 1, 1, 1]",2
0.0023164495746693797,0.0,"[0, 0, 1, 1, 1, 1, 1, 1, 1, 1]",1
0.0021173731958299413,0.0,"[1, 1, 1, 1, 1, 0, 0, 1, 1, 1]",5
0.009526082573997119,0.10000000149011612,"[0, 1, 1, 1, 1, 1, 1, 1, 1, 1]",2
0.0060712699057732245,0.0,"[0, 1, 1, 1, 1, 1, 1, 1, 1, 1]",2
0.005527088863670981,0.10000000149011612,"[0, 0, 0, 1, 0, 0, 0, 1, 1, 0]",4
0.0020447181023399708,0.0,"[0, 0, 0, 1, 0, 0, 0, 1, 1, 1]",3
0.009989252552451866,0.0,"[0, 1, 1, 1, 1, 1, 1, 1, 1, 1]",2
0.006073414119860621,0.10000000149011612,"[0, 0, 1, 1, 1, 1, 1, 1, 1, 1]",1
0.007274305608127807,0.0,"[0, 0, 0, 0, 0, 0, 0, 0, 0, 0]",7
0.009876159766319725,0.10000000149011612,"[0, 0, 0, 0, 0, 0, 0, 0, 0, 0]",7
0.00990779847025891,0.20000000298023224,"[0, 0, 1, 1, 1, 1, 1, 1, 1, 0]",2
0.005085441438767893,0.30000001192092896,"[0, 0, 1, 1, 1, 1, 1, 1, 1, 1]",1
0.008899256336401429,0.0,"[0, 0, 1, 1, 1, 1, 1, 1, 1, 1]",1
0.007617431602485125,0.10000000149011612,"[0, 0, 1, 1, 1, 1, 1, 1, 1, 1]",1
0.006617807508796147,0.10000000149011612,"[0, 0, 1, 1, 1, 1, 1, 1, 1, 1]",1
0.007632644794954457,0.10000000149011612,"[0, 0, 1, 1, 1, 1, 1, 1, 1, 0]",2
0.005601812545219131,0.20000000298023224,"[0, 0, 0, 1, 1, 0, 0, 0, 0, 0]",5
0.004160848171535891,0.0,"[0, 0, 0, 0, 0, 0, 0, 0, 0, 0]",7
0.004558385996813463,0.10000000149011612,"[0, 0, 0, 0, 0, 0, 0, 0, 0, 0]",7
0.00965175477118052,0.0,"[0, 0, 0, 0, 0, 0, 0, 0, 0, 0]",7
0.0050183307079287864,0.0,"[0, 0, 0, 0, 0, 0, 0, 0, 0, 0]",7
0.012435697833594335,0.10000000149011612,"[0, 1, 1, 1, 1, 0, 0, 0, 0, 0]",7
0.0018811173591958275,0.0,"[0, 0, 0, 0, 0, 0, 0, 0, 0, 0]",7
0.003918756665034273,0.10000000149011612,"[0, 0, 0, 0, 0, 0, 0, 0, 0, 0]",7
0.0032817702367631263,0.20000000298023224,"[0, 0, 0, 0, 0, 0, 0, 0, 0, 0]",7
0.026058963390099,0.30000001192092896,"[0, 0, 0, 1, 1, 1, 1, 1, 1, 1]",0
0.0021029798608755423,0.0,"[0, 0, 0, 0, 0, 0, 0, 0, 1, 0]",6
0.007019945550513995,0.10000000149011612,"[1, 1, 1, 1, 1, 1, 1, 1, 1, 1]",3
0.003018485967567819,0.20000000298023224,"[0, 0, 0, 1, 1, 1, 1, 1, 1, 1]",0
0.005612136020786418,0.30000001192092896,"[0, 0, 1, 1, 1, 1, 1, 1, 1, 1]",1
0.00552324676552729,0.0,"[0, 0, 0, 0, 0, 0, 0, 0, 0, 0]",7
0.01390579528999375,0.10000000149011612,"[0, 0, 0, 1, 0, 0, 0, 0, 0, 0]",6
0.0032169021047820934,0.20000000298023224,"[0, 0, 0, 0, 0, 0, 0, 0, 0, 0]",7
0.006624919686055941,0.20000000298023224,"[0, 0, 0, 1, 1, 1, 1, 1, 1, 1]",0
0.003582349719538913,0.30000001192092896,"[0, 0, 1, 1, 1, 1, 1, 1, 1, 1]",1
0.003877178537607051,0.0,"[0, 0, 0, 0, 0, 0, 0, 0, 1, 1]",5
0.007739956267745429,0.0,"[0, 0, 0, 0, 0, 0, 1, 1, 1, 1]",3
0.01423794780126686,0.10000000149011612,"[0, 0, 0, 0, 0, 0, 0, 0, 0, 0]",7
0.015409011434392994,0.20000000298023224,"[0, 0, 1, 1, 1, 1, 1, 1, 1, 1]",1
0.0014399761212118278,0.30000001192092896,"[0, 0, 0, 0, 0, 0, 0, 1, 1, 1]",4
0.013186642624932354,0.0,"[0, 0, 0, 0, 0, 0, 0, 0, 0, 0]",7
0.005604553111506094,0.0,"[0, 0, 1, 1, 1, 1, 0, 1, 1, 1]",2
0.004277571467472541,0.10000000149011612,"[0, 0, 0, 1, 1, 1, 1, 1, 1, 1]",0
0.010779890308569406,0.10000000149011612,"[0, 0, 0, 0, 0, 0, 0, 1, 1, 1]",4
0.006256496084748875,0.10000000149011612,"[0, 0, 1, 1, 0, 0, 0, 0, 0, 0]",7
0.00191568548637161,0.0,"[0, 0, 0, 0, 0, 0, 0, 0, 0, 0]",7
0.012418038700368284,0.10000000149011612,"[0, 0, 0, 0, 0, 0, 0, 0, 0, 0]",7
0.0031147497896347187,0.0,"[0, 0, 0, 0, 0, 0, 0, 0, 0, 0]",7
0.010828723319591171,0.10000000149011612,"[0, 0, 0, 0, 0, 1, 1, 1, 1, 1]",2
0.0026688257266371807,0.10000000149011612,"[0, 0, 0, 0, 0, 1, 1, 1, 1, 1]",2
0.003608308115472969,0.0,"[0, 0, 0, 0, 0, 0, 0, 1, 1, 1]",4
Final Policy,"[0, 0, 0, 0, 0, 0, 0, 1, 1, 1]"
